id,user_name,user_location,user_description,user_created,user_followers,user_friends,user_favourites,user_verified,date,text,hashtags,source,retweets,favorites,is_retweet
1.54438E+18,Elon Musk,,"Mars & Cars, Chips & Dips",2009-06-02 20:12:29+00:00,101240855,115,13503,TRUE,2022-07-05 17:55:09+00:00,@BillyM2k I find the gold toe sock ŌĆ?inevitably off kilter &amp; washed out ŌĆ?a little troubling esthetically &amp; arguably a bit corpo,,Twitter for iPhone,335,6542,FALSE
1.54438E+18,Elon Musk,,"Mars & Cars, Chips & Dips",2009-06-02 20:12:29+00:00,101240806,115,13503,TRUE,2022-07-05 17:47:42+00:00,"Sock Con, the conference for socks",,Twitter for iPhone,1451,30753,FALSE
1.54438E+18,Elon Musk,,"Mars & Cars, Chips & Dips",2009-06-02 20:12:29+00:00,101240806,115,13503,TRUE,2022-07-05 17:46:15+00:00,Always something new for the magazine cover and the articles practically write themselves,,Twitter for iPhone,1284,28610,FALSE
1.54438E+18,Elon Musk,,"Mars & Cars, Chips & Dips",2009-06-02 20:12:29+00:00,101240806,115,13503,TRUE,2022-07-05 17:40:05+00:00,@ExplainThisBob This guy gets it,,Twitter for iPhone,131,3640,FALSE
1.54438E+18,Elon Musk,,"Mars & Cars, Chips & Dips",2009-06-02 20:12:29+00:00,101240806,115,13503,TRUE,2022-07-05 17:38:23+00:00,Sock tech is so advanced that you can get pretty much anything in sock form these days!,,Twitter for iPhone,1191,23790,FALSE
1.54437E+18,Elon Musk,,"Mars & Cars, Chips & Dips",2009-06-02 20:12:29+00:00,101240806,115,13503,TRUE,2022-07-05 17:36:03+00:00,I must confess to a penchant for creative socks,,Twitter for iPhone,4839,97004,FALSE
1.54433E+18,Elon Musk,,"Mars & Cars, Chips & Dips",2009-06-02 20:12:29+00:00,101240806,115,13503,TRUE,2022-07-05 14:42:21+00:00,@slashdot ItŌĆÖs time,,Twitter for iPhone,1537,31194,FALSE
1.54432E+18,Elon Musk,,"Mars & Cars, Chips & Dips",2009-06-02 20:12:29+00:00,101240806,115,13503,TRUE,2022-07-05 14:00:21+00:00,"@TonyadeVitti @historydefined His success was in fact due, in part, because he was super fun at parties, spoke and wrote incredibly well!",,Twitter for iPhone,171,3196,FALSE
1.54432E+18,Elon Musk,,"Mars & Cars, Chips & Dips",2009-06-02 20:12:29+00:00,101240806,115,13503,TRUE,2022-07-05 13:46:20+00:00,"@historydefined While bleak posts maybe generate more clicks, more happier moments in history would be nice",,Twitter for iPhone,2347,47623,FALSE
1.54474E+18,Elon Musk,,"Mars & Cars, Chips & Dips",2009-06-02 20:12:29+00:00,101308933,115,13514,TRUE,2022-07-06 18:02:11+00:00,@mishaboar @boringcompany Supporting Doge wherever possible,,Twitter for iPhone,2081,10679,FALSE
1.54472E+18,Elon Musk,,"Mars & Cars, Chips & Dips",2009-06-02 20:12:29+00:00,101308934,115,13514,TRUE,2022-07-06 16:25:57+00:00,@PPathole Exactly,,Twitter for iPhone,186,3558,FALSE
1.54464E+18,Elon Musk,,"Mars & Cars, Chips & Dips",2009-06-02 20:12:29+00:00,101308934,115,13514,TRUE,2022-07-06 10:58:50+00:00,Humanity will reach Mars in your lifetime,,Twitter for iPhone,48747,595082,FALSE
1.54462E+18,Elon Musk,,"Mars & Cars, Chips & Dips",2009-06-02 20:12:29+00:00,101308934,115,13514,TRUE,2022-07-06 09:33:59+00:00,Flatulence Earther,,Twitter for iPhone,6263,104357,FALSE
1.54453E+18,Elon Musk,,"Mars & Cars, Chips & Dips",2009-06-02 20:12:29+00:00,101308934,115,13514,TRUE,2022-07-06 04:00:38+00:00,@OwenSparks_ @Tesmanian_com Maybe later this year,,Twitter for iPhone,163,3333,FALSE
1.54451E+18,Elon Musk,,"Mars & Cars, Chips & Dips",2009-06-02 20:12:29+00:00,101308934,115,13514,TRUE,2022-07-06 02:47:42+00:00,@Tesmanian_com Zip around Vegas super fast with Teslas in tunnels!,,Twitter for iPhone,748,13659,FALSE
1.54451E+18,Elon Musk,,"Mars & Cars, Chips & Dips",2009-06-02 20:12:29+00:00,101308934,115,13514,TRUE,2022-07-06 02:42:10+00:00,"@EvaFoxU Structural pack is the right overall architecture from a physics standpoint, but it is still far from optimized",,Twitter for iPhone,670,12466,FALSE
1.54517E+18,Elon Musk,,"Mars & Cars, Chips & Dips",2009-06-02 20:12:29+00:00,101402199,115,13517,TRUE,2022-07-07 22:01:18+00:00,"@WholeMarsBlog Also, being ruggedized for relentless salt spray &amp; extreme winds &amp; storms in deep ocean is not easy",,Twitter for iPhone,255,4915,FALSE
1.54517E+18,Elon Musk,,"Mars & Cars, Chips & Dips",2009-06-02 20:12:29+00:00,101402199,115,13517,TRUE,2022-07-07 21:59:24+00:00,"@WholeMarsBlog No, itŌĆÖs dual, high performance terminals, which are important for maintaining the connection in choŌĆ?https://t.co/TU39WSRyma",,Twitter for iPhone,584,11168,FALSE
1.54515E+18,Elon Musk,,"Mars & Cars, Chips & Dips",2009-06-02 20:12:29+00:00,101402199,115,13517,TRUE,2022-07-07 21:17:00+00:00,"@JoshSeefried A flying, electric boat would be sickkk",,Twitter for iPhone,451,9190,FALSE
1.54515E+18,Elon Musk,,"Mars & Cars, Chips & Dips",2009-06-02 20:12:29+00:00,101402199,115,13517,TRUE,2022-07-07 20:59:12+00:00,Starlink for boats! https://t.co/BQujU8Ngna,,Twitter for iPhone,8318,104841,FALSE
1.5451E+18,Elon Musk,,"Mars & Cars, Chips & Dips",2009-06-02 20:12:29+00:00,101402199,115,13517,TRUE,2022-07-07 17:56:16+00:00,"@EvaFoxU @BillyM2k @tesla_adri Pretty much. A van would have more roof height, so you could stand or sit under it for shade.",,Twitter for iPhone,275,5225,FALSE
1.5451E+18,Elon Musk,,"Mars & Cars, Chips & Dips",2009-06-02 20:12:29+00:00,101402199,115,13517,TRUE,2022-07-07 17:50:00+00:00,"@BillyM2k Maybe with an optional solar power canopy that extends both sides of the van, tripling roof area",,Twitter for iPhone,561,10458,FALSE
1.54505E+18,Elon Musk,,"Mars & Cars, Chips & Dips",2009-06-02 20:12:29+00:00,101402199,115,13517,TRUE,2022-07-07 14:27:47+00:00,@micsolana @rmcentush Exactly,,Twitter for iPhone,120,2743,FALSE
1.54505E+18,Elon Musk,,"Mars & Cars, Chips & Dips",2009-06-02 20:12:29+00:00,101402199,115,13517,TRUE,2022-07-07 14:26:00+00:00,Maybe Tesla should make a highly configurable Robovan for people &amp; cargo?,,Twitter for iPhone,6927,123117,FALSE
1.54505E+18,Elon Musk,,"Mars & Cars, Chips & Dips",2009-06-02 20:12:29+00:00,101402199,115,13517,TRUE,2022-07-07 14:21:58+00:00,"@PPathole Far too many people are under the illusion that Earth is overpopulated, even though birth rate trends areŌĆ?https://t.co/5qMLMYg1Cr",,Twitter for iPhone,3491,29475,FALSE
1.54505E+18,Elon Musk,,"Mars & Cars, Chips & Dips",2009-06-02 20:12:29+00:00,101402199,115,13517,TRUE,2022-07-07 14:19:47+00:00,I hope you have big families and congrats to those who already do!,,Twitter for iPhone,17731,268517,FALSE
1.54505E+18,Elon Musk,,"Mars & Cars, Chips & Dips",2009-06-02 20:12:29+00:00,101402199,115,13517,TRUE,2022-07-07 14:17:45+00:00,Population of Mars is still zero people!,,Twitter for iPhone,18669,311056,FALSE
1.54505E+18,Elon Musk,,"Mars & Cars, Chips & Dips",2009-06-02 20:12:29+00:00,101402199,115,13517,TRUE,2022-07-07 14:09:11+00:00,"Mark my words, they are sadly true",,Twitter for iPhone,3968,79553,FALSE
1.54504E+18,Elon Musk,,"Mars & Cars, Chips & Dips",2009-06-02 20:12:29+00:00,101402199,115,13517,TRUE,2022-07-07 13:43:34+00:00,"@_SuccessMinded_ @pmarca ŌĆ£Wait A Minute, Doc. Are You Telling Me You Built A Time Machine...Out Of A DeLorean?ŌĆ?ŌĆ?Back to the Future",,Twitter for iPhone,240,3934,FALSE
1.54479E+18,Elon Musk,,"Mars & Cars, Chips & Dips",2009-06-02 20:12:29+00:00,101402185,115,13517,TRUE,2022-07-06 21:09:27+00:00,"Highly recommend Revolutions by Mike Duncan, especially Season 10 https://t.co/LoJXYL2HTU",,Twitter for iPhone,4133,37862,FALSE
1.54476E+18,Elon Musk,,"Mars & Cars, Chips & Dips",2009-06-02 20:12:29+00:00,101402185,115,13517,TRUE,2022-07-06 19:26:56+00:00,"@pmarca The world is actually vastly better than Orwell imagined, but there is also vastly more surveillance",,Twitter for iPhone,2822,44585,FALSE
1.54521E+18,Elon Musk,,"Mars & Cars, Chips & Dips",2009-06-02 20:12:29+00:00,101491383,115,13517,TRUE,2022-07-08 00:48:09+00:00,@slashdot Great!,,Twitter for iPhone,459,14086,FALSE
1.54519E+18,Elon Musk,,"Mars & Cars, Chips & Dips",2009-06-02 20:12:29+00:00,101491383,115,13517,TRUE,2022-07-07 23:29:06+00:00,@BillyM2k @slashdot That is indeed the real question,,Twitter for iPhone,563,10505,FALSE
1.54518E+18,Elon Musk,,"Mars & Cars, Chips & Dips",2009-06-02 20:12:29+00:00,101491383,115,13517,TRUE,2022-07-07 22:44:39+00:00,@BillyM2k I had same great experience from Tokyo to Osaka,,Twitter for iPhone,358,7307,FALSE
1.54517E+18,Elon Musk,,"Mars & Cars, Chips & Dips",2009-06-02 20:12:29+00:00,101491383,115,13517,TRUE,2022-07-07 22:02:54+00:00,Super fired up for future product development with our awesome Tesla team! Such an honor to work with them.,,Twitter for iPhone,8866,141528,FALSE
1.54543E+18,Elon Musk,,"Mars & Cars, Chips & Dips",2009-06-02 20:12:29+00:00,101584109,115,13517,TRUE,2022-07-08 15:23:56+00:00,@BLKMDL3 @NickCannon Kids are worth it if at all possible. IŌĆÖm planning to increase childcare benefits at my companŌĆ?https://t.co/lk82cfOXA5,,Twitter for iPhone,1250,11165,FALSE
1.54542E+18,Elon Musk,,"Mars & Cars, Chips & Dips",2009-06-02 20:12:29+00:00,101584109,115,13517,TRUE,2022-07-08 15:09:58+00:00,"@sm Agreed, this needs to be addressed",,Twitter for iPhone,168,3391,FALSE
1.54542E+18,Elon Musk,,"Mars & Cars, Chips & Dips",2009-06-02 20:12:29+00:00,101584109,115,13517,TRUE,2022-07-08 14:53:33+00:00,@Liv_Boeree The world has gone mad,,Twitter for iPhone,845,9548,FALSE
1.54542E+18,Elon Musk,,"Mars & Cars, Chips & Dips",2009-06-02 20:12:29+00:00,101584109,115,13517,TRUE,2022-07-08 14:47:39+00:00,@hiromichimizuno Terrible news,,Twitter for iPhone,1947,54496,FALSE
1.54546E+18,Elon Musk,,"Mars & Cars, Chips & Dips",2009-06-02 20:12:29+00:00,101626989,115,13537,TRUE,2022-07-08 17:17:34+00:00,@greg_price11 Whoever controls the teleprompter is the real President! https://t.co/1rcqmwLe9S,,Twitter for iPhone,9263,63239,FALSE
1.54545E+18,Elon Musk,,"Mars & Cars, Chips & Dips",2009-06-02 20:12:29+00:00,101626989,115,13537,TRUE,2022-07-08 17:06:58+00:00,@ScottAdamsSays @NickCannon We know so little today. I want to know the meaning of life or whatever the right questŌĆ?https://t.co/e5uS0DDB6F,,Twitter for iPhone,379,6076,FALSE
1.54545E+18,Elon Musk,,"Mars & Cars, Chips & Dips",2009-06-02 20:12:29+00:00,101626989,115,13537,TRUE,2022-07-08 17:01:50+00:00,@ScottAdamsSays @NickCannon But sponges &amp; starfish obv can https://t.co/v7Bbz7vstW,,Twitter for iPhone,320,4954,FALSE
1.54545E+18,Elon Musk,,"Mars & Cars, Chips & Dips",2009-06-02 20:12:29+00:00,101626989,115,13537,TRUE,2022-07-08 16:56:23+00:00,"@ScottAdamsSays @NickCannon Consciousness can understand the nature of the Universe. Clams, not so much.",,Twitter for iPhone,414,6868,FALSE
1.54543E+18,Elon Musk,,"Mars & Cars, Chips & Dips",2009-06-02 20:12:29+00:00,101626989,115,13537,TRUE,2022-07-08 15:41:50+00:00,@Andst7 Interesting. Who is behind the bot attack?,,Twitter for iPhone,504,6742,FALSE
1.54652E+18,Elon Musk,,"Mars & Cars, Chips & Dips",2009-06-02 20:12:29+00:00,101800942,116,13563,TRUE,2022-07-11 15:34:12+00:00,"For improved quality of sleep, raise head of your bed by about 3ŌĆ?or 5cm and donŌĆÖt eat 3 hours before bedtime",,Twitter for iPhone,31370,378049,FALSE
1.54637E+18,Elon Musk,,"Mars & Cars, Chips & Dips",2009-06-02 20:12:29+00:00,101800942,116,13563,TRUE,2022-07-11 05:36:17+00:00,These polar launches will enable complete coverage of Earth (where approved by local government) https://t.co/0ssHobwdp3,,Twitter for iPhone,4987,56798,FALSE
1.54636E+18,Elon Musk,,"Mars & Cars, Chips & Dips",2009-06-02 20:12:29+00:00,101800942,116,13563,TRUE,2022-07-11 05:11:58+00:00,Chuckmate,,Twitter for iPhone,8526,190447,FALSE
1.54635E+18,Elon Musk,,"Mars & Cars, Chips & Dips",2009-06-02 20:12:29+00:00,101800942,116,13563,TRUE,2022-07-11 04:28:36+00:00,@PPathole Hello??? @SECGov,,Twitter for iPhone,922,11363,FALSE
1.54673E+18,Elon Musk,,"Mars & Cars, Chips & Dips",2009-06-02 20:12:29+00:00,101899069,116,13580,TRUE,2022-07-12 05:49:03+00:00,@cb_doge But Fifth Element was great,,Twitter for iPhone,218,4974,FALSE
1.54673E+18,Elon Musk,,"Mars & Cars, Chips & Dips",2009-06-02 20:12:29+00:00,101899069,116,13580,TRUE,2022-07-12 05:27:26+00:00,@Erdayastronaut @PPathole @planet4589 @NASASpaceflight Base of the vehicle seems ok by flashlight. I was just out tŌĆ?https://t.co/NL60XqaLQx,,Twitter for iPhone,579,11851,FALSE
1.54672E+18,Elon Musk,,"Mars & Cars, Chips & Dips",2009-06-02 20:12:29+00:00,101899069,116,13580,TRUE,2022-07-12 05:05:28+00:00,"@ChrisDungeon @alexkehr @BillyM2k @levie Rereading The Life of Greece by Durant. In recent months, read American CaŌĆ?https://t.co/VDpplbPFmZ",,Twitter for iPhone,444,5604,FALSE
1.54672E+18,Elon Musk,,"Mars & Cars, Chips & Dips",2009-06-02 20:12:29+00:00,101899092,116,13580,TRUE,2022-07-12 04:55:53+00:00,@alexkehr @BillyM2k @levie I do recommend a lot of books,,Twitter for iPhone,113,1991,FALSE
1.54672E+18,Elon Musk,,"Mars & Cars, Chips & Dips",2009-06-02 20:12:29+00:00,101899092,116,13580,TRUE,2022-07-12 04:39:44+00:00,@levie And too many little red or green LED indicators,,Twitter for iPhone,259,8098,FALSE
1.54672E+18,Elon Musk,,"Mars & Cars, Chips & Dips",2009-06-02 20:12:29+00:00,101899092,116,13580,TRUE,2022-07-12 04:38:33+00:00,@BillyM2k @levie YouTube keeps playing me the same annoying scam ads every time I use it. The algorithm is convinceŌĆ?https://t.co/1w3PHQiolN,,Twitter for iPhone,705,10670,FALSE
1.54668E+18,Elon Musk,,"Mars & Cars, Chips & Dips",2009-06-02 20:12:29+00:00,101899092,116,13580,TRUE,2022-07-12 02:16:19+00:00,"@adamirvinmusic @BreitbartNews Trump would be 82 at end of term, which is too old to be chief executive of anythingŌĆ?https://t.co/MXFQQdmK7g",,Twitter for iPhone,3540,35255,FALSE
1.54667E+18,Elon Musk,,"Mars & Cars, Chips & Dips",2009-06-02 20:12:29+00:00,101899092,116,13580,TRUE,2022-07-12 01:53:20+00:00,"@JoeTalkShow @BreitbartNews Yeah, but too much drama. Do we really want a bull in a china shop situation every singŌĆ?https://t.co/jNuTEDdWQx",,Twitter for iPhone,1029,19809,FALSE
1.54666E+18,Elon Musk,,"Mars & Cars, Chips & Dips",2009-06-02 20:12:29+00:00,101899092,116,13580,TRUE,2022-07-12 01:10:39+00:00,@BonginoReport Not true,,Twitter for iPhone,10332,262570,FALSE
1.54664E+18,Elon Musk,,"Mars & Cars, Chips & Dips",2009-06-02 20:12:29+00:00,101899092,116,13580,TRUE,2022-07-11 23:46:00+00:00,"@planet4589 @NASASpaceflight Cryogenic fuel is an added challenge, as it evaporates to create fuel-air explosion riŌĆ?https://t.co/59uJAjy5Sj",,Twitter for iPhone,483,9593,FALSE
1.54664E+18,Elon Musk,,"Mars & Cars, Chips & Dips",2009-06-02 20:12:29+00:00,101899092,116,13580,TRUE,2022-07-11 23:37:11+00:00,"@NASASpaceflight Yeah, actually not good. Team is assessing damage.",,Twitter for iPhone,2039,57108,FALSE
1.5466E+18,Elon Musk,,"Mars & Cars, Chips & Dips",2009-06-02 20:12:29+00:00,101899092,116,13580,TRUE,2022-07-11 21:07:18+00:00,@BillyM2k Mimic + Dark Moon + Stars of Ruin,,Twitter for iPhone,670,15534,FALSE
1.54655E+18,Elon Musk,,"Mars & Cars, Chips & Dips",2009-06-02 20:12:29+00:00,101899092,116,13580,TRUE,2022-07-11 17:50:03+00:00,@WholeMarsBlog Absolutely,,Twitter for iPhone,996,23177,FALSE
1.54653E+18,Elon Musk,,"Mars & Cars, Chips & Dips",2009-06-02 20:12:29+00:00,101899092,116,13580,TRUE,2022-07-11 16:03:02+00:00,"@MrBeast Good chance youŌĆÖre experiencing at least mild acid reflux at night, affecting quality sleep without consciousness awareness",,Twitter for iPhone,1162,44915,FALSE
1.54652E+18,Elon Musk,,"Mars & Cars, Chips & Dips",2009-06-02 20:12:29+00:00,101899092,116,13580,TRUE,2022-07-11 15:34:57+00:00,@GailAlfarATX @Tesla @teslacn @TeslaOwnersEBay @blueskykites @Kristennetten @JenniCurrent @daelmor @IheartTeslaŌĆ?https://t.co/I8l3STHVcY,,Twitter for iPhone,1686,24600,FALSE
1.5471E+18,Elon Musk,,"Mars & Cars, Chips & Dips",2009-06-02 20:12:29+00:00,101975420,116,13588,TRUE,2022-07-13 06:17:07+00:00,@cb_doge Ancient times,,Twitter for iPhone,1319,63290,FALSE
1.54709E+18,Elon Musk,,"Mars & Cars, Chips & Dips",2009-06-02 20:12:29+00:00,101975420,116,13588,TRUE,2022-07-13 05:44:29+00:00,"Was just up in the booster propulsion section. Damage appears to be minor, but we need to inspect all the engines.ŌĆ?https://t.co/y4RBNuJ5Rs",,Twitter for iPhone,2036,44750,FALSE
1.54709E+18,Elon Musk,,"Mars & Cars, Chips & Dips",2009-06-02 20:12:29+00:00,101975420,116,13588,TRUE,2022-07-13 05:38:17+00:00,Starship launch site tonight https://t.co/Len70RGCNf,,Twitter for iPhone,7175,115144,FALSE
1.54708E+18,Elon Musk,,"Mars & Cars, Chips & Dips",2009-06-02 20:12:29+00:00,101975420,116,13588,TRUE,2022-07-13 04:53:22+00:00,@Teslarati @ResidentSponge Join our underground movement!,,Twitter for iPhone,899,17226,FALSE
1.54703E+18,Elon Musk,,"Mars & Cars, Chips & Dips",2009-06-02 20:12:29+00:00,101975420,116,13588,TRUE,2022-07-13 01:23:15+00:00,Excited about @NASAWebb potential!,,Twitter for iPhone,5577,98654,FALSE
1.54698E+18,Elon Musk,,"Mars & Cars, Chips & Dips",2009-06-02 20:12:29+00:00,101975417,116,13588,TRUE,2022-07-12 22:10:05+00:00,Oh the irony lol,,Twitter for iPhone,13680,231557,FALSE
1.54696E+18,Elon Musk,,"Mars & Cars, Chips & Dips",2009-06-02 20:12:29+00:00,101975417,116,13588,TRUE,2022-07-12 20:39:55+00:00,@ajtourville @Tesla No problem to recycle the 4680 pack. Just think of any battery pack as super high grade ore ŌĆ?iŌĆ?https://t.co/uABjD6NBnE,,Twitter for iPhone,717,12404,FALSE
1.54748E+18,Elon Musk,,"Mars & Cars, Chips & Dips",2009-06-02 20:12:29+00:00,102043697,119,13594,TRUE,2022-07-14 07:10:57+00:00,"@Erdayastronaut @SpaceX @Caspar_Stanley @IzanRamos2002 Most importantly, we need to delete or thermally protect remŌĆ?https://t.co/B25WNIWBpO",,Twitter for iPhone,648,13701,FALSE
1.54733E+18,Elon Musk,,"Mars & Cars, Chips & Dips",2009-06-02 20:12:29+00:00,102043697,119,13594,TRUE,2022-07-13 21:30:40+00:00,@karpathy Thanks for everything you have done for Tesla! It has been an honor working with you.,,Twitter for iPhone,862,28387,FALSE
1.54725E+18,Elon Musk,,"Mars & Cars, Chips & Dips",2009-06-02 20:12:29+00:00,102043697,119,13594,TRUE,2022-07-13 16:17:37+00:00,"@SirineAti If testing goes well, as soon as next month",,Twitter for iPhone,328,6099,FALSE
1.54725E+18,Elon Musk,,"Mars & Cars, Chips & Dips",2009-06-02 20:12:29+00:00,102043697,119,13594,TRUE,2022-07-13 16:10:58+00:00,@SawyerMerritt Cool,,Twitter for iPhone,320,9851,FALSE
1.54725E+18,Elon Musk,,"Mars & Cars, Chips & Dips",2009-06-02 20:12:29+00:00,102043697,119,13594,TRUE,2022-07-13 16:03:08+00:00,Gives whole new meaning to Go Pros!,,Twitter for iPhone,4924,108453,FALSE
1.54725E+18,Elon Musk,,"Mars & Cars, Chips & Dips",2009-06-02 20:12:29+00:00,102043697,119,13594,TRUE,2022-07-13 15:49:13+00:00,@SRuhle Imagine if MSNBC did that,,Twitter for iPhone,14977,194557,FALSE
1.54724E+18,Elon Musk,,"Mars & Cars, Chips & Dips",2009-06-02 20:12:29+00:00,102043697,119,13594,TRUE,2022-07-13 15:15:37+00:00,A+ for cinematography https://t.co/anGjQKbq5W,,Twitter for iPhone,57449,506302,FALSE
1.54792E+18,Elon Musk,,"Mars & Cars, Chips & Dips",2009-06-02 20:12:29+00:00,102131619,119,13602,TRUE,2022-07-15 12:14:53+00:00,"@tim_ottawa @teslaownersSV Mars is, admittedly, a fixer upper of a planet",,Twitter for iPhone,200,3871,FALSE
1.54791E+18,Elon Musk,,"Mars & Cars, Chips & Dips",2009-06-02 20:12:29+00:00,102131619,119,13602,TRUE,2022-07-15 11:35:07+00:00,@teslaownersSV The scale is ­¤ż» &amp; anyone can visit!,,Twitter for iPhone,887,20464,FALSE
1.54777E+18,Elon Musk,,"Mars & Cars, Chips & Dips",2009-06-02 20:12:29+00:00,102131619,119,13602,TRUE,2022-07-15 02:46:31+00:00,@waitbutwhy I wonder if there is a species in the Magellanic Clouds wondering who lives in the big galaxy they orbit,,Twitter for iPhone,1013,20064,FALSE
1.54777E+18,Elon Musk,,"Mars & Cars, Chips & Dips",2009-06-02 20:12:29+00:00,102131619,119,13602,TRUE,2022-07-15 02:28:08+00:00,@PPathole @Erdayastronaut @SpaceX @Caspar_Stanley @IzanRamos2002 Some small tubes &amp; wiring need to be nested in a bŌĆ?https://t.co/FPhPnSXsky,,Twitter for iPhone,206,3231,FALSE
1.54776E+18,Elon Musk,,"Mars & Cars, Chips & Dips",2009-06-02 20:12:29+00:00,102131619,119,13602,TRUE,2022-07-15 02:03:17+00:00,@DJSnM @Erdayastronaut @SpaceX @Caspar_Stanley @IzanRamos2002 Electric power for booster &amp; ship is needed even whenŌĆ?https://t.co/HiYwc7JX56,,Twitter for iPhone,182,3521,FALSE
1.54776E+18,Elon Musk,,"Mars & Cars, Chips & Dips",2009-06-02 20:12:29+00:00,102131619,119,13602,TRUE,2022-07-15 01:52:52+00:00,@Erdayastronaut @SpaceX @Caspar_Stanley @IzanRamos2002 Enabling engines to take the heat without shrouds might saveŌĆ?https://t.co/5H34xXlmVV,,Twitter for iPhone,249,4171,FALSE
1.54776E+18,Elon Musk,,"Mars & Cars, Chips & Dips",2009-06-02 20:12:29+00:00,102131619,119,13602,TRUE,2022-07-15 01:46:09+00:00,@Erdayastronaut @SpaceX @Caspar_Stanley @IzanRamos2002 All mass necessitated by an engine design should count as enŌĆ?https://t.co/yaEeNgSNTM,,Twitter for iPhone,282,4837,FALSE
1.54774E+18,Elon Musk,,"Mars & Cars, Chips & Dips",2009-06-02 20:12:29+00:00,102131619,119,13602,TRUE,2022-07-15 00:42:42+00:00,Dragon launching in 2 mins https://t.co/DBQDCbBy6B,,Twitter for iPhone,4045,50796,FALSE
1.54812E+18,Elon Musk,,"Mars & Cars, Chips & Dips",2009-06-02 20:12:29+00:00,102158349,119,13607,TRUE,2022-07-16 01:40:47+00:00,@NASAEarth Global _______,,Twitter for iPhone,1360,28439,FALSE
1.5481E+18,Elon Musk,,"Mars & Cars, Chips & Dips",2009-06-02 20:12:29+00:00,102158349,119,13607,TRUE,2022-07-16 00:29:24+00:00,@SciGuySpace Cumulative tonnage to orbit this year is the right metric,,Twitter for iPhone,210,4145,FALSE
1.5481E+18,Elon Musk,,"Mars & Cars, Chips & Dips",2009-06-02 20:12:29+00:00,102158349,119,13607,TRUE,2022-07-16 00:21:30+00:00,@akidesir @SawyerMerritt Write to the @FCC! That would be great.,,Twitter for iPhone,361,3772,FALSE
1.5481E+18,Elon Musk,,"Mars & Cars, Chips & Dips",2009-06-02 20:12:29+00:00,102158349,119,13607,TRUE,2022-07-16 00:19:41+00:00,@SawyerMerritt Charlie Ergen is trying steal the 12GHz band meant for space Internet. Not cool.,,Twitter for iPhone,375,4011,FALSE
1.54809E+18,Elon Musk,,"Mars & Cars, Chips & Dips",2009-06-02 20:12:29+00:00,102158349,119,13607,TRUE,2022-07-15 23:22:11+00:00,@cleantechnica Progress,,Twitter for iPhone,338,7351,FALSE
1.54809E+18,Elon Musk,,"Mars & Cars, Chips & Dips",2009-06-02 20:12:29+00:00,102158349,119,13607,TRUE,2022-07-15 23:21:10+00:00,@teslaownersSV @Tesla WeŌĆÖre making progress with Steam integration. Demo probably next month.,,Twitter for iPhone,1433,28757,FALSE
1.54805E+18,Elon Musk,,"Mars & Cars, Chips & Dips",2009-06-02 20:12:29+00:00,102158349,119,13607,TRUE,2022-07-15 21:15:56+00:00,@teslaownersSV @cb_doge ItŌĆÖs a flat trade,,Twitter for iPhone,133,3064,FALSE
1.54805E+18,Elon Musk,,"Mars & Cars, Chips & Dips",2009-06-02 20:12:29+00:00,102158349,119,13607,TRUE,2022-07-15 20:59:37+00:00,"@cb_doge Actually true. Then I suggested to the team that it didnŌĆÖt need to be quite so pointy, since thatŌĆÖs just bŌĆ?https://t.co/fyuFn8Tnmm",,Twitter for iPhone,622,17894,FALSE
1.54805E+18,Elon Musk,,"Mars & Cars, Chips & Dips",2009-06-02 20:12:29+00:00,102158349,119,13607,TRUE,2022-07-15 20:57:29+00:00,@BillyM2k @CryptoWhale ­¤śŗ bagels,,Twitter for iPhone,246,4904,FALSE
1.54793E+18,Elon Musk,,"Mars & Cars, Chips & Dips",2009-06-02 20:12:29+00:00,102158349,119,13607,TRUE,2022-07-15 13:00:42+00:00,"@hohocho If inflation calms down, we can lower prices for cars",,Twitter for iPhone,919,15216,FALSE
1.54792E+18,Elon Musk,,"Mars & Cars, Chips & Dips",2009-06-02 20:12:29+00:00,102158349,119,13607,TRUE,2022-07-15 12:21:05+00:00,"Mars may be a fixer upper of a planet, but it has great potential!",,Twitter for iPhone,9208,156584,FALSE
1.54909E+18,Elon Musk,,"Mars & Cars, Chips & Dips",2009-06-02 20:12:29+00:00,102279635,119,13623,TRUE,2022-07-18 17:46:03+00:00,@karpathy Also worth getting a particle counter,,Twitter for iPhone,144,3583,FALSE
1.54909E+18,Elon Musk,,"Mars & Cars, Chips & Dips",2009-06-02 20:12:29+00:00,102279635,119,13623,TRUE,2022-07-18 17:45:31+00:00,"@OwenSparks_ @karpathy ItŌĆÖs on the future product list. Especially important in places like Austin, which has next-ŌĆ?https://t.co/aQbFmsHDGn",,Twitter for iPhone,260,4583,FALSE
1.54909E+18,Elon Musk,,"Mars & Cars, Chips & Dips",2009-06-02 20:12:29+00:00,102279635,119,13623,TRUE,2022-07-18 17:41:25+00:00,@konstructivizm Things will get wild when Andromeda collides with our galaxy!,,Twitter for iPhone,2146,57479,FALSE
1.54908E+18,Elon Musk,,"Mars & Cars, Chips & Dips",2009-06-02 20:12:29+00:00,102279635,119,13623,TRUE,2022-07-18 17:30:01+00:00,@energybants @Liv_Boeree They should keep running,,Twitter for iPhone,1645,34074,FALSE
1.54908E+18,Elon Musk,,"Mars & Cars, Chips & Dips",2009-06-02 20:12:29+00:00,102279640,119,13623,TRUE,2022-07-18 17:24:39+00:00,@karpathy True. I have a CO2 monitor on my desk. It beeps whenever ppm&gt;1000.,,Twitter for iPhone,605,13543,FALSE
1.54908E+18,Elon Musk,,"Mars & Cars, Chips & Dips",2009-06-02 20:12:29+00:00,102279640,119,13623,TRUE,2022-07-18 17:21:31+00:00,@SpaceX @Space_Station About twice as much useful mass to orbit as rest of Earth combined,,Twitter for iPhone,1072,21077,FALSE
1.54905E+18,Elon Musk,,"Mars & Cars, Chips & Dips",2009-06-02 20:12:29+00:00,102279640,119,13623,TRUE,2022-07-18 15:09:09+00:00,@tanayj Absolutely,,Twitter for iPhone,383,10281,FALSE
1.54905E+18,Elon Musk,,"Mars & Cars, Chips & Dips",2009-06-02 20:12:29+00:00,102279640,119,13623,TRUE,2022-07-18 15:07:29+00:00,"@Erdayastronaut @LevEakins More accurate word is ŌĆ£propellantŌĆ? rather than ŌĆ£fuelŌĆ? Starship is ~78% liquid oxygen,ŌĆ?https://t.co/nma1YYVTU2",,Twitter for iPhone,395,5396,FALSE
1.54904E+18,Elon Musk,,"Mars & Cars, Chips & Dips",2009-06-02 20:12:29+00:00,102279640,119,13623,TRUE,2022-07-18 14:18:56+00:00,@Rainmaker1973 I use this example a lot,,Twitter for iPhone,1570,45032,FALSE
1.54904E+18,Elon Musk,,"Mars & Cars, Chips & Dips",2009-06-02 20:12:29+00:00,102279640,119,13623,TRUE,2022-07-18 14:17:12+00:00,"@TJ_Cooney @SpaceX Starlink bandwidth varies a lot, depending on user terminal density &amp; time of day. ThatŌĆÖs why thŌĆ?https://t.co/qFSJGIFsAY",,Twitter for iPhone,217,3901,FALSE
1.54903E+18,Elon Musk,,"Mars & Cars, Chips & Dips",2009-06-02 20:12:29+00:00,102279640,119,13623,TRUE,2022-07-18 14:08:56+00:00,@TJ_Cooney @SpaceX Starlink is a gamechanger for remote locations,,Twitter for iPhone,1435,36635,FALSE
1.54945E+18,Elon Musk,,"Mars & Cars, Chips & Dips",2009-06-02 20:12:29+00:00,102345609,119,13623,TRUE,2022-07-19 17:34:20+00:00,One of the best features of Model X https://t.co/zUTcSD7fiz,,Twitter for iPhone,7470,107595,FALSE
1.54944E+18,Elon Musk,,"Mars & Cars, Chips & Dips",2009-06-02 20:12:29+00:00,102345609,119,13623,TRUE,2022-07-19 17:06:43+00:00,@JohnnaCrider1 @POTUS Teslas are the most made-in-USA vehicles,,Twitter for iPhone,2939,46069,FALSE
1.54944E+18,Elon Musk,,"Mars & Cars, Chips & Dips",2009-06-02 20:12:29+00:00,102345609,119,13623,TRUE,2022-07-19 17:05:45+00:00,@ChildrensHD Total scam,,Twitter for iPhone,512,7457,FALSE
1.54942E+18,Elon Musk,,"Mars & Cars, Chips & Dips",2009-06-02 20:12:29+00:00,102345608,119,13623,TRUE,2022-07-19 16:00:37+00:00,@mn_google My calves are bigger tho,,Twitter for iPhone,263,7882,FALSE
1.54942E+18,Elon Musk,,"Mars & Cars, Chips & Dips",2009-06-02 20:12:29+00:00,102345608,119,13623,TRUE,2022-07-19 15:55:22+00:00,Congrats to Tesla Fremont + Giga Nevada for making their 2 millionth car!,,Twitter for iPhone,6979,114072,FALSE
1.54929E+18,Elon Musk,,"Mars & Cars, Chips & Dips",2009-06-02 20:12:29+00:00,102345608,119,13623,TRUE,2022-07-19 07:00:38+00:00,Please vote your shares with Tesla! https://t.co/ZbFWv0pkgG,,Twitter for iPhone,2978,34444,FALSE
1.54927E+18,Elon Musk,,"Mars & Cars, Chips & Dips",2009-06-02 20:12:29+00:00,102345608,119,13623,TRUE,2022-07-19 05:32:27+00:00,@WholeMarsBlog Yeah,,Twitter for iPhone,342,10479,FALSE
1.54922E+18,Elon Musk,,"Mars & Cars, Chips & Dips",2009-06-02 20:12:29+00:00,102345608,119,13623,TRUE,2022-07-19 02:40:08+00:00,@SawyerMerritt @SpaceX ItŌĆÖs a start. About 1000 times more mass to orbit per year will be needed to make life multiplanetary.,,Twitter for iPhone,1140,19543,FALSE
1.5492E+18,Elon Musk,,"Mars & Cars, Chips & Dips",2009-06-02 20:12:29+00:00,102345608,119,13623,TRUE,2022-07-19 00:59:05+00:00,@BillyM2k Already did it,,Twitter for iPhone,3318,87273,FALSE
1.54914E+18,Elon Musk,,"Mars & Cars, Chips & Dips",2009-06-02 20:12:29+00:00,102345608,119,13623,TRUE,2022-07-18 21:06:30+00:00,@teslaownersSV Still needs a few tweaks,,Twitter for iPhone,216,6402,FALSE
1.54912E+18,Elon Musk,,"Mars & Cars, Chips & Dips",2009-06-02 20:12:29+00:00,102345608,119,13623,TRUE,2022-07-18 19:37:05+00:00,@RenataKonkoly @engineers_feed A classic ­¤żŻ,,Twitter for iPhone,94,3318,FALSE
1.54911E+18,Elon Musk,,"Mars & Cars, Chips & Dips",2009-06-02 20:12:29+00:00,102345608,119,13623,TRUE,2022-07-18 18:55:16+00:00,"@engineers_feed I remember the 70ŌĆÖs, which means IŌĆÖm definitely not spring chicken",,Twitter for iPhone,519,13054,FALSE
1.5491E+18,Elon Musk,,"Mars & Cars, Chips & Dips",2009-06-02 20:12:29+00:00,102345608,119,13623,TRUE,2022-07-18 18:36:23+00:00,"@BillyM2k Arguably, we know more than nothing. ŌĆ£Death &amp; taxes are a certaintyŌĆ?ŌĆ?BF.",,Twitter for iPhone,1392,26949,FALSE
1.54959E+18,Elon Musk,,"Mars & Cars, Chips & Dips",2009-06-02 20:12:29+00:00,102402362,119,13625,TRUE,2022-07-20 03:01:32+00:00,@waitbutwhy @undertheraedar Earth is basically empty of humans,,Twitter for iPhone,3938,62508,FALSE
1.54947E+18,Elon Musk,,"Mars & Cars, Chips & Dips",2009-06-02 20:12:29+00:00,102402362,119,13625,TRUE,2022-07-19 18:59:05+00:00,@realMeetKevin Exactly,,Twitter for iPhone,336,6868,FALSE
1.55013E+18,Elon Musk,,"Mars & Cars, Chips & Dips",2009-06-02 20:12:29+00:00,102455895,119,13628,TRUE,2022-07-21 14:52:04+00:00,"@WholeMarsBlog Tbh, itŌĆÖs good motivation to work out, eat healthier &amp; maybe take my shirt off outside more than once a year haha",,Twitter for iPhone,3218,106322,FALSE
1.55002E+18,Elon Musk,,"Mars & Cars, Chips & Dips",2009-06-02 20:12:29+00:00,102455895,119,13628,TRUE,2022-07-21 07:31:58+00:00,@JonErlichman 16 years ago,,Twitter for iPhone,208,4915,FALSE
1.54996E+18,Elon Musk,,"Mars & Cars, Chips & Dips",2009-06-02 20:12:29+00:00,102455895,119,13628,TRUE,2022-07-21 03:46:18+00:00,@dogecoin Upgrades!,,Twitter for iPhone,2077,24728,FALSE
1.54996E+18,Elon Musk,,"Mars & Cars, Chips & Dips",2009-06-02 20:12:29+00:00,102455895,119,13628,TRUE,2022-07-21 03:27:33+00:00,@EFF Sounds bad,,Twitter for iPhone,244,5940,FALSE
1.55047E+18,Elon Musk,,"Mars & Cars, Chips & Dips",2009-06-02 20:12:29+00:00,102509421,119,13634,TRUE,2022-07-22 13:35:52+00:00,Optimus Primed https://t.co/DMIPaIYevN,,Twitter for iPhone,20671,273429,FALSE
1.55047E+18,Elon Musk,,"Mars & Cars, Chips & Dips",2009-06-02 20:12:29+00:00,102509421,119,13634,TRUE,2022-07-22 13:18:00+00:00,"@alifarhat79 @wapodavenport @WalterIsaacson @jeff_foust IŌĆÖm rubber, theyŌĆÖre glue",,Twitter for iPhone,192,2950,FALSE
1.55047E+18,Elon Musk,,"Mars & Cars, Chips & Dips",2009-06-02 20:12:29+00:00,102509421,119,13634,TRUE,2022-07-22 13:07:25+00:00,@wapodavenport @WalterIsaacson @jeff_foust Interesting. Smart move by China. Expendable rockets have no future.,,Twitter for iPhone,639,13703,FALSE
1.55027E+18,Elon Musk,,"Mars & Cars, Chips & Dips",2009-06-02 20:12:29+00:00,102509421,119,13634,TRUE,2022-07-21 23:48:35+00:00,"@jgebbia @Airbnb @bchesky @nathanblec Congrats on an incredible company with Airbnb, now for Book 2!",,Twitter for iPhone,487,16031,FALSE
1.55022E+18,Elon Musk,,"Mars & Cars, Chips & Dips",2009-06-02 20:12:29+00:00,102509421,119,13634,TRUE,2022-07-21 20:50:26+00:00,@heydave7 @Tesla True,,Twitter for iPhone,293,5967,FALSE
1.55082E+18,Elon Musk,,"Mars & Cars, Chips & Dips",2009-06-02 20:12:29+00:00,102553062,119,13646,TRUE,2022-07-23 12:17:54+00:00,"@DolllarPo Service turns on next month, which is same time required to deliver a user terminal, so order now at https://t.co/Q1VvqV58aK",,Twitter for iPhone,335,5050,FALSE
1.55082E+18,Elon Musk,,"Mars & Cars, Chips & Dips",2009-06-02 20:12:29+00:00,102553062,119,13646,TRUE,2022-07-23 12:12:22+00:00,Excited to work with Tesla Service to enable same-hour service as often as possible! Applying Formula 1 pit crew techniques to Teslas.,,Twitter for iPhone,7296,110147,FALSE
1.55081E+18,Elon Musk,,"Mars & Cars, Chips & Dips",2009-06-02 20:12:29+00:00,102553062,119,13646,TRUE,2022-07-23 12:04:57+00:00,@Rainmaker1973 Major volcanic eruptions are underappreciated as civilizational risks,,Twitter for iPhone,444,9205,FALSE
1.55081E+18,Elon Musk,,"Mars & Cars, Chips & Dips",2009-06-02 20:12:29+00:00,102553071,119,13646,TRUE,2022-07-23 12:01:06+00:00,@Rainmaker1973 Tough times,,Twitter for iPhone,1528,47229,FALSE
1.55056E+18,Elon Musk,,"Mars & Cars, Chips & Dips",2009-06-02 20:12:29+00:00,102553071,119,13646,TRUE,2022-07-22 19:00:14+00:00,Congrats to SpaceX team on record number of launches! https://t.co/nb8ozrbqZ5,,Twitter for iPhone,3079,47198,FALSE
1.55107E+18,Elon Musk,,"Mars & Cars, Chips & Dips",2009-06-02 20:12:29+00:00,102609200,119,13649,TRUE,2022-07-24 04:53:47+00:00,@WholeMarsBlog Software is the key to the future,,Twitter for iPhone,1259,10031,FALSE
1.55106E+18,Elon Musk,,"Mars & Cars, Chips & Dips",2009-06-02 20:12:29+00:00,102609200,119,13649,TRUE,2022-07-24 04:38:07+00:00,@SpaceX Falcon rising through fog,,Twitter for iPhone,1133,32233,FALSE
1.55106E+18,Elon Musk,,"Mars & Cars, Chips & Dips",2009-06-02 20:12:29+00:00,102609200,119,13649,TRUE,2022-07-24 04:34:19+00:00,@SpaceX Falcon over the moon,,Twitter for iPhone,1905,51015,FALSE
1.55106E+18,Elon Musk,,"Mars & Cars, Chips & Dips",2009-06-02 20:12:29+00:00,102609200,119,13649,TRUE,2022-07-24 04:17:38+00:00,From SJM https://t.co/t6xAiMyz9m,,Twitter for iPhone,3357,37566,FALSE
1.55105E+18,Elon Musk,,"Mars & Cars, Chips & Dips",2009-06-02 20:12:29+00:00,102609200,119,13649,TRUE,2022-07-24 03:22:13+00:00,@Armand_Gman Great thread,,Twitter for iPhone,313,11954,FALSE
1.55103E+18,Elon Musk,,"Mars & Cars, Chips & Dips",2009-06-02 20:12:29+00:00,102609200,119,13649,TRUE,2022-07-24 02:24:22+00:00,@nichegamer @cb_doge Deep history memes rock,,Twitter for iPhone,131,2653,FALSE
1.55101E+18,Elon Musk,,"Mars & Cars, Chips & Dips",2009-06-02 20:12:29+00:00,102609200,119,13649,TRUE,2022-07-24 01:22:12+00:00,@teslaownersSV @ICannot_Enough @ajtourville Should be a major improvement with respect to complex left turns,,Twitter for iPhone,150,2927,FALSE
1.55101E+18,Elon Musk,,"Mars & Cars, Chips & Dips",2009-06-02 20:12:29+00:00,102609200,119,13649,TRUE,2022-07-24 01:20:46+00:00,@teslaownersSV @ICannot_Enough @ajtourville Maybe end of this week. Team is working hard on it.,,Twitter for iPhone,154,2495,FALSE
1.55101E+18,Elon Musk,,"Mars & Cars, Chips & Dips",2009-06-02 20:12:29+00:00,102609200,119,13649,TRUE,2022-07-24 01:18:02+00:00,@ICannot_Enough @ajtourville ­¤żö indeed,,Twitter for iPhone,64,1266,FALSE
1.5517E+18,Elon Musk,,"Mars & Cars, Chips & Dips",2009-06-02 20:12:29+00:00,102658192,119,13653,TRUE,2022-07-25 22:37:15+00:00,"The amount of attention on me has gone supernova, which super sucks. Unfortunately, even trivial articles about meŌĆ?https://t.co/XcwDQMs4aZ",,Twitter for iPhone,21254,391723,FALSE
1.55167E+18,Elon Musk,,"Mars & Cars, Chips & Dips",2009-06-02 20:12:29+00:00,102658192,119,13653,TRUE,2022-07-25 20:46:46+00:00,@PPathole @michaelsiconolf @KirstenGrind @EmilyGlazer Mostly just that the media is a click maximizing machine andŌĆ?https://t.co/Odiszab44w,,Twitter for iPhone,467,8272,FALSE
1.55167E+18,Elon Musk,,"Mars & Cars, Chips & Dips",2009-06-02 20:12:29+00:00,102658192,119,13653,TRUE,2022-07-25 20:40:56+00:00,All Teslas come with a free karaoke app https://t.co/mZa3WmhyPL,,Twitter for iPhone,12678,215158,FALSE
1.55164E+18,Elon Musk,,"Mars & Cars, Chips & Dips",2009-06-02 20:12:29+00:00,102658192,119,13653,TRUE,2022-07-25 18:59:51+00:00,Das Baby would be a hit!,,Twitter for iPhone,1200,30725,FALSE
1.55163E+18,Elon Musk,,"Mars & Cars, Chips & Dips",2009-06-02 20:12:29+00:00,102658192,119,13653,TRUE,2022-07-25 18:16:29+00:00,@jhall The media is a click-seeking machine dressed up as a truth-seeking machine,,Twitter for iPhone,1136,8466,FALSE
1.55163E+18,Elon Musk,,"Mars & Cars, Chips & Dips",2009-06-02 20:12:29+00:00,102658192,119,13653,TRUE,2022-07-25 18:03:34+00:00,"@michaelsiconolf @KirstenGrind @EmilyGlazer ______, ______ your ­¤æ¢ are on ­¤öź https://t.co/Ioq3EGOQj3",,Twitter for iPhone,1325,19542,FALSE
1.55163E+18,Elon Musk,,"Mars & Cars, Chips & Dips",2009-06-02 20:12:29+00:00,102658192,119,13653,TRUE,2022-07-25 18:00:01+00:00,@dvorahfr @chicago_glenn @SawyerMerritt @michaelsiconolf Sure seems that way,,Twitter for iPhone,148,4628,FALSE
1.55162E+18,Elon Musk,,"Mars & Cars, Chips & Dips",2009-06-02 20:12:29+00:00,102658192,119,13653,TRUE,2022-07-25 17:37:05+00:00,@SawyerMerritt The real problem here is that @michaelsiconolf has zero journalistic integrity,,Twitter for iPhone,1122,15774,FALSE
1.55162E+18,Elon Musk,,"Mars & Cars, Chips & Dips",2009-06-02 20:12:29+00:00,102658192,119,13653,TRUE,2022-07-25 17:25:26+00:00,@SawyerMerritt A picture is worth 1000 tweets,,Twitter for iPhone,650,13711,FALSE
1.55162E+18,Elon Musk,,"Mars & Cars, Chips & Dips",2009-06-02 20:12:29+00:00,102658192,119,13653,TRUE,2022-07-25 17:20:53+00:00,"@SawyerMerritt Yeah, that was Sergey and me yesterday afternoon!",,Twitter for iPhone,3684,119968,FALSE
1.55156E+18,Elon Musk,,"Mars & Cars, Chips & Dips",2009-06-02 20:12:29+00:00,102658192,119,13653,TRUE,2022-07-25 13:20:13+00:00,"Single-piece casting reduces weight, greatly simplifies factory, increases ride quality &amp; reduces road noise https://t.co/hJw4KLpfDg",,Twitter for iPhone,5948,72556,FALSE
1.55155E+18,Elon Musk,,"Mars & Cars, Chips & Dips",2009-06-02 20:12:29+00:00,102658192,119,13653,TRUE,2022-07-25 13:01:20+00:00,@GailAlfarATX @TeslaSolar @Tesla @douglewinenergy @DimaZeniuk @EvaFoxU @DirtyTesLa @WholeMarsBlog @Kristennetten @BrosForDecarb Good article,,Twitter for iPhone,451,11678,FALSE
1.55145E+18,Elon Musk,,"Mars & Cars, Chips & Dips",2009-06-02 20:12:29+00:00,102658192,119,13653,TRUE,2022-07-25 06:10:38+00:00,What video games have you enjoyed most over past year or two?,,Twitter for iPhone,11652,228648,FALSE
1.55143E+18,Elon Musk,,"Mars & Cars, Chips & Dips",2009-06-02 20:12:29+00:00,102658192,119,13653,TRUE,2022-07-25 04:44:41+00:00,@60Minutes More evidence for the simulation,,Twitter for iPhone,1623,37119,FALSE
1.5514E+18,Elon Musk,,"Mars & Cars, Chips & Dips",2009-06-02 20:12:29+00:00,102658181,119,13653,TRUE,2022-07-25 02:57:17+00:00,@lovemesomemusk @WholeMarsBlog Nope,,Twitter for iPhone,243,7344,FALSE
1.5514E+18,Elon Musk,,"Mars & Cars, Chips & Dips",2009-06-02 20:12:29+00:00,102658181,119,13653,TRUE,2022-07-25 02:32:57+00:00,"@teslaownersSV @heydave7 @WholeMarsBlog @WSJ Call them out on it, I guess. WSJ is supposed to have a high standardŌĆ?https://t.co/dGe4LoCud7",,Twitter for iPhone,1335,13127,FALSE
1.55139E+18,Elon Musk,,"Mars & Cars, Chips & Dips",2009-06-02 20:12:29+00:00,102658181,119,13653,TRUE,2022-07-25 02:24:00+00:00,@heydave7 @WholeMarsBlog @WSJ WSJ has run so many bs hit pieces on me and Tesla IŌĆÖve lost count! ItŌĆÖs embarrassingŌĆ?https://t.co/Dr557GlzTN,,Twitter for iPhone,2904,26863,FALSE
1.55139E+18,Elon Musk,,"Mars & Cars, Chips & Dips",2009-06-02 20:12:29+00:00,102658181,119,13653,TRUE,2022-07-25 02:09:07+00:00,@WholeMarsBlog HavenŌĆÖt even had sex in ages (sigh),,Twitter for iPhone,6386,41794,FALSE
1.55139E+18,Elon Musk,,"Mars & Cars, Chips & Dips",2009-06-02 20:12:29+00:00,102658181,119,13653,TRUE,2022-07-25 02:07:14+00:00,"@TeslaHype @WholeMarsBlog Yeah, the character assassination attacks have reached a new level this year, but the artŌĆ?https://t.co/BEHggAQaku",,Twitter for iPhone,1127,12165,FALSE
1.55139E+18,Elon Musk,,"Mars & Cars, Chips & Dips",2009-06-02 20:12:29+00:00,102658181,119,13653,TRUE,2022-07-25 01:55:25+00:00,Ironic that Disney would disparage an entire class of rodents when their main character is a rodent ŌĆ?jealous maybe?,,Twitter for iPhone,1887,35911,FALSE
1.55134E+18,Elon Musk,,"Mars & Cars, Chips & Dips",2009-06-02 20:12:29+00:00,102658181,119,13653,TRUE,2022-07-24 22:48:10+00:00,The dark origin of the lemming mass suicide myth ŌĆ?https://t.co/wn7vg2mUjr,,Twitter for iPhone,3845,41747,FALSE
1.55196E+18,Elon Musk,,"Mars & Cars, Chips & Dips",2009-06-02 20:12:29+00:00,102695448,119,13655,TRUE,2022-07-26 16:11:20+00:00,@jeffskoll Thanks Jeff ­¤ÆĢ,,Twitter for iPhone,808,36579,FALSE
1.55196E+18,Elon Musk,,"Mars & Cars, Chips & Dips",2009-06-02 20:12:29+00:00,102695448,119,13655,TRUE,2022-07-26 15:39:30+00:00,@michaelsiconolf @KirstenGrind @EmilyGlazer SickonolfiŌĆÖs pack of attack chihuahuas are burning up phone lines todayŌĆ?https://t.co/koWp9nq1pE,,Twitter for iPhone,300,5060,FALSE
1.55188E+18,Elon Musk,,"Mars & Cars, Chips & Dips",2009-06-02 20:12:29+00:00,102695448,119,13655,TRUE,2022-07-26 10:34:44+00:00,@MarceloPLima Exactly,,Twitter for iPhone,605,18258,FALSE
1.55179E+18,Elon Musk,,"Mars & Cars, Chips & Dips",2009-06-02 20:12:29+00:00,102695448,119,13655,TRUE,2022-07-26 04:41:41+00:00,"@SawyerMerritt @heydave7 @WholeMarsBlog @WSJ Good point, will do",,Twitter for iPhone,498,8187,FALSE
1.55233E+18,Elon Musk,,"Mars & Cars, Chips & Dips",2009-06-02 20:12:29+00:00,102755398,119,13664,TRUE,2022-07-27 16:11:18+00:00,@NASASpaceflight Sub lightspeed is all thatŌĆÖs needed to be interstellar. Intergalactic is tough.,,Twitter for iPhone,694,11964,FALSE
1.55232E+18,Elon Musk,,"Mars & Cars, Chips & Dips",2009-06-02 20:12:29+00:00,102755398,119,13664,TRUE,2022-07-27 16:07:30+00:00,The media is a click-seeking machine dressed up as a truth-seeking machine,,Twitter for iPhone,41469,344817,FALSE
1.55232E+18,Elon Musk,,"Mars & Cars, Chips & Dips",2009-06-02 20:12:29+00:00,102755398,119,13664,TRUE,2022-07-27 15:40:27+00:00,This is compatible with existing religions ŌĆ?surely God would want us to see Creation?,,Twitter for iPhone,4577,76000,FALSE
1.55232E+18,Elon Musk,,"Mars & Cars, Chips & Dips",2009-06-02 20:12:29+00:00,102755398,119,13664,TRUE,2022-07-27 15:38:48+00:00,A new philosophy of the future is needed. I believe it should be curiosity about the Universe ŌĆ?expand humanity toŌĆ?https://t.co/xZidyna6UC,,Twitter for iPhone,13804,143038,FALSE
1.55232E+18,Elon Musk,,"Mars & Cars, Chips & Dips",2009-06-02 20:12:29+00:00,102755398,119,13664,TRUE,2022-07-27 15:32:22+00:00,@sama A new philosophy of the future is needed,,Twitter for iPhone,360,5667,FALSE
1.5523E+18,Elon Musk,,"Mars & Cars, Chips & Dips",2009-06-02 20:12:29+00:00,102755398,119,13664,TRUE,2022-07-27 14:41:43+00:00,"@heydave7 @WSJ @michaelsiconolf Moreover, I talked to Sergey yesterday and he says neither he nor anyone he knows has talked to WSJ",,Twitter for iPhone,552,7921,FALSE
1.5523E+18,Elon Musk,,"Mars & Cars, Chips & Dips",2009-06-02 20:12:29+00:00,102755398,119,13664,TRUE,2022-07-27 14:31:15+00:00,@heydave7 @WSJ As a ŌĆ£public personŌĆ? standard to win a defamation lawsuit against a news org is almost impossible.ŌĆ?https://t.co/QkyD2HLML7,,Twitter for iPhone,1149,12913,FALSE
1.55212E+18,Elon Musk,,"Mars & Cars, Chips & Dips",2009-06-02 20:12:29+00:00,102755398,119,13664,TRUE,2022-07-27 02:40:54+00:00,@teslaownersSV @PPathole Seriously,,Twitter for iPhone,224,5657,FALSE
1.55212E+18,Elon Musk,,"Mars & Cars, Chips & Dips",2009-06-02 20:12:29+00:00,102755398,119,13664,TRUE,2022-07-27 02:37:36+00:00,@PPathole Business Insider (Trading) is not a real publication,,Twitter for iPhone,2008,57426,FALSE
1.55212E+18,Elon Musk,,"Mars & Cars, Chips & Dips",2009-06-02 20:12:29+00:00,102755398,119,13664,TRUE,2022-07-27 02:15:30+00:00,"@GailAlfarATX @chicago_glenn @michaelsiconolf @KirstenGrind @EmilyGlazer Yeah, but that was 8000 years ago",,Twitter for iPhone,165,3697,FALSE
1.55211E+18,Elon Musk,,"Mars & Cars, Chips & Dips",2009-06-02 20:12:29+00:00,102755397,119,13664,TRUE,2022-07-27 02:06:37+00:00,@PPathole @michaelsiconolf @KirstenGrind @EmilyGlazer That would be nice,,Twitter for iPhone,143,2883,FALSE
1.55211E+18,Elon Musk,,"Mars & Cars, Chips & Dips",2009-06-02 20:12:29+00:00,102755397,119,13664,TRUE,2022-07-27 01:52:45+00:00,@TrungTPhan @chicago_glenn @michaelsiconolf @KirstenGrind @EmilyGlazer ­¤żŻ­¤żŻ Exactly,,Twitter for iPhone,104,3259,FALSE
1.55211E+18,Elon Musk,,"Mars & Cars, Chips & Dips",2009-06-02 20:12:29+00:00,102755397,119,13664,TRUE,2022-07-27 01:43:29+00:00,"@chicago_glenn @michaelsiconolf @KirstenGrind @EmilyGlazer Weirdly, some publications still print millions of paper copies every day!",,Twitter for iPhone,140,2766,FALSE
1.55211E+18,Elon Musk,,"Mars & Cars, Chips & Dips",2009-06-02 20:12:29+00:00,102755397,119,13664,TRUE,2022-07-27 01:40:54+00:00,@chicago_glenn @michaelsiconolf @KirstenGrind @EmilyGlazer 99% of journalism is reading someone elseŌĆÖs story on theŌĆ?https://t.co/I7eCporwFs,,Twitter for iPhone,546,6568,FALSE
1.5525E+18,Elon Musk,,"Mars & Cars, Chips & Dips",2009-06-02 20:12:29+00:00,102807354,118,13673,TRUE,2022-07-28 03:50:24+00:00,Much harder to make friends than enemies. My skill at the latter is improving.,,Twitter for iPhone,21865,278040,FALSE
1.55304E+18,Elon Musk,,"Mars & Cars, Chips & Dips",2009-06-02 20:12:29+00:00,102850233,118,13678,TRUE,2022-07-29 15:12:58+00:00,"@DirtyTesLa WeŌĆÖre working super hard on 10.13, but it isnŌĆÖt ready yet",,Twitter for iPhone,251,5981,FALSE
1.55303E+18,Elon Musk,,"Mars & Cars, Chips & Dips",2009-06-02 20:12:29+00:00,102850233,118,13678,TRUE,2022-07-29 14:54:06+00:00,@micsolana Wikipedia is losing its objectivity @jimmy_wales,,Twitter for iPhone,4793,64800,FALSE
1.55303E+18,Elon Musk,,"Mars & Cars, Chips & Dips",2009-06-02 20:12:29+00:00,102850233,118,13678,TRUE,2022-07-29 14:46:31+00:00,"I canŌĆÖt say for sure that Starship will reach escape velocity, but my hubris certainly has",,Twitter for iPhone,5754,98908,FALSE
1.55282E+18,Elon Musk,,"Mars & Cars, Chips & Dips",2009-06-02 20:12:29+00:00,102850233,118,13678,TRUE,2022-07-29 00:37:02+00:00,@chicago_glenn We should thank farmers more,,Twitter for iPhone,2464,27492,FALSE
1.55281E+18,Elon Musk,,"Mars & Cars, Chips & Dips",2009-06-02 20:12:29+00:00,102850233,118,13678,TRUE,2022-07-29 00:34:55+00:00,@WholeMarsBlog Products that bring joy are rare,,Twitter for iPhone,1254,28004,FALSE
1.55281E+18,Elon Musk,,"Mars & Cars, Chips & Dips",2009-06-02 20:12:29+00:00,102850233,118,13678,TRUE,2022-07-29 00:33:30+00:00,@teslaownersSV Too early to say for sure,,Twitter for iPhone,213,4369,FALSE
1.55281E+18,Elon Musk,,"Mars & Cars, Chips & Dips",2009-06-02 20:12:29+00:00,102850233,118,13678,TRUE,2022-07-29 00:32:46+00:00,@snjejxjbbdbebjx Would be unwise to risk that it is not,,Twitter for iPhone,700,19939,FALSE
1.55281E+18,Elon Musk,,"Mars & Cars, Chips & Dips",2009-06-02 20:12:29+00:00,102850233,118,13678,TRUE,2022-07-29 00:31:32+00:00,More Tesla commodity prices are trending down than up fwiw,,Twitter for iPhone,2423,51993,FALSE
1.55281E+18,Elon Musk,,"Mars & Cars, Chips & Dips",2009-06-02 20:12:29+00:00,102850233,118,13678,TRUE,2022-07-29 00:29:37+00:00,Inflation might be trending down,,Twitter for iPhone,11608,165186,FALSE
1.55281E+18,Elon Musk,,"Mars & Cars, Chips & Dips",2009-06-02 20:12:29+00:00,102850233,118,13678,TRUE,2022-07-29 00:22:53+00:00,@FutureJurvetson @Tesla @gjurvetson Thanks for your support over the years,,Twitter for iPhone,314,9646,FALSE
1.55357E+18,Elon Musk,,"Mars & Cars, Chips & Dips",2009-06-02 20:12:29+00:00,102896989,118,13682,TRUE,2022-07-31 02:28:06+00:00,@cb_doge @lexfridman @ExplainThisBob Sigh,,Twitter for iPhone,106,2463,FALSE
1.55357E+18,Elon Musk,,"Mars & Cars, Chips & Dips",2009-06-02 20:12:29+00:00,102896989,118,13682,TRUE,2022-07-31 02:27:16+00:00,Off to the Races set to Harley Quinn https://t.co/79XaBOxAKk,,Twitter for iPhone,2836,30612,FALSE
1.55339E+18,Elon Musk,,"Mars & Cars, Chips & Dips",2009-06-02 20:12:29+00:00,102896990,118,13682,TRUE,2022-07-30 14:27:22+00:00,@StockMKTNewz We live in interesting times,,Twitter for iPhone,408,8120,FALSE
1.55338E+18,Elon Musk,,"Mars & Cars, Chips & Dips",2009-06-02 20:12:29+00:00,102896990,118,13682,TRUE,2022-07-30 14:20:06+00:00,"Some people are no nonsense, but, personally, I like a little nonsense",,Twitter for iPhone,15122,173026,FALSE
1.55338E+18,Elon Musk,,"Mars & Cars, Chips & Dips",2009-06-02 20:12:29+00:00,102896990,118,13682,TRUE,2022-07-30 13:51:37+00:00,Interaction with almost all twitter accounts seem to be much lower in recent weeks &amp; days. Accurate?,,Twitter for iPhone,8244,139581,FALSE
1.55328E+18,Elon Musk,,"Mars & Cars, Chips & Dips",2009-06-02 20:12:29+00:00,102896990,118,13682,TRUE,2022-07-30 07:10:13+00:00,Saxon https://t.co/UTh4uqIEYP,,Twitter for iPhone,3300,46799,FALSE
1.55322E+18,Elon Musk,,"Mars & Cars, Chips & Dips",2009-06-02 20:12:29+00:00,102896990,118,13682,TRUE,2022-07-30 03:14:03+00:00,@spideycyp_155 Based,,Twitter for iPhone,367,7833,FALSE
1.5532E+18,Elon Musk,,"Mars & Cars, Chips & Dips",2009-06-02 20:12:29+00:00,102896990,118,13682,TRUE,2022-07-30 02:13:42+00:00,Friend made this for me 2 years ago https://t.co/XzlmpmPNT7,,Twitter for iPhone,4930,73567,FALSE
1.5532E+18,Elon Musk,,"Mars & Cars, Chips & Dips",2009-06-02 20:12:29+00:00,102896990,118,13682,TRUE,2022-07-30 01:46:25+00:00,Try voice command ŌĆ£open buttholeŌĆ?on your Tesla,,Twitter for iPhone,10282,161298,FALSE
1.55317E+18,Elon Musk,,"Mars & Cars, Chips & Dips",2009-06-02 20:12:29+00:00,102896990,118,13682,TRUE,2022-07-30 00:23:46+00:00,@HistoryInPics Great style,,Twitter for iPhone,661,29492,FALSE
1.55317E+18,Elon Musk,,"Mars & Cars, Chips & Dips",2009-06-02 20:12:29+00:00,102896990,118,13682,TRUE,2022-07-30 00:19:27+00:00,@TeslaPodcast @SenateDems @Sen_JoeManchin @SenatorSinema @SenateGOP Good point. Time to move on from hybrid cars. That was a phase.,,Twitter for iPhone,921,16536,FALSE
1.55315E+18,Elon Musk,,"Mars & Cars, Chips & Dips",2009-06-02 20:12:29+00:00,102896990,118,13682,TRUE,2022-07-29 23:04:22+00:00,"@ICannot_Enough @DirtyTesLa 10.13 is probably a week or so away, but yes. People outside of California will notice improvements the most.",,Twitter for iPhone,231,3645,FALSE
1.55387E+18,Elon Musk,,"Mars & Cars, Chips & Dips",2009-06-02 20:12:29+00:00,102954048,118,13692,TRUE,2022-07-31 22:32:36+00:00,"If our reality is actually an alien soap opera, our ratings would be ­¤ÜĆ­¤Æź­¤Æ½",,Twitter for iPhone,11392,153334,FALSE
1.55375E+18,Elon Musk,,"Mars & Cars, Chips & Dips",2009-06-02 20:12:29+00:00,102954048,118,13692,TRUE,2022-07-31 14:22:14+00:00,Maybe free some people in jail for weed here too? https://t.co/AYo0ZC79lZ,,Twitter for iPhone,46373,388337,FALSE
1.55375E+18,Elon Musk,,"Mars & Cars, Chips & Dips",2009-06-02 20:12:29+00:00,102954048,118,13692,TRUE,2022-07-31 14:11:35+00:00,@ajtourville @SpaceX Good thread,,Twitter for iPhone,142,2845,FALSE
1.55423E+18,Elon Musk,,"Mars & Cars, Chips & Dips",2009-06-02 20:12:29+00:00,103024197,118,13700,TRUE,2022-08-01 22:19:04+00:00,Still time to vote! https://t.co/ZbFWv0pkgG,,Twitter for iPhone,2246,27238,FALSE
1.55416E+18,Elon Musk,,"Mars & Cars, Chips & Dips",2009-06-02 20:12:29+00:00,103024197,118,13700,TRUE,2022-08-01 17:48:26+00:00,X ŌØż’ĖÅ Doges,,Twitter for iPhone,3507,41646,FALSE
1.55416E+18,Elon Musk,,"Mars & Cars, Chips & Dips",2009-06-02 20:12:29+00:00,103024197,118,13700,TRUE,2022-08-01 17:28:24+00:00,@spideycyp_155 So much water under the bridge since then,,Twitter for iPhone,131,2678,FALSE
1.55401E+18,Elon Musk,,"Mars & Cars, Chips & Dips",2009-06-02 20:12:29+00:00,103024186,118,13700,TRUE,2022-08-01 07:31:08+00:00,@teslaownersSV Yeah,,Twitter for iPhone,190,7260,FALSE
1.55399E+18,Elon Musk,,"Mars & Cars, Chips & Dips",2009-06-02 20:12:29+00:00,103024186,118,13700,TRUE,2022-08-01 06:24:54+00:00,@teslaownersSV @BillyM2k @WholeMarsBlog Maybe Twitter can become that,,Twitter for iPhone,263,4558,FALSE
1.55399E+18,Elon Musk,,"Mars & Cars, Chips & Dips",2009-06-02 20:12:29+00:00,103024186,118,13700,TRUE,2022-08-01 06:23:56+00:00,"@teslaownersSV @BillyM2k @WholeMarsBlog It sure is hard to find a news source thatŌĆÖs accurate, relevant &amp; not totalŌĆ?https://t.co/WDcup9oCob",,Twitter for iPhone,347,5215,FALSE
1.55399E+18,Elon Musk,,"Mars & Cars, Chips & Dips",2009-06-02 20:12:29+00:00,103024186,118,13700,TRUE,2022-08-01 06:18:39+00:00,@cb_doge Floki pic tomorrow,,Twitter for iPhone,1305,13315,FALSE
1.55399E+18,Elon Musk,,"Mars & Cars, Chips & Dips",2009-06-02 20:12:29+00:00,103024186,118,13700,TRUE,2022-08-01 06:05:29+00:00,Thanksgiving last year after watching one too many episodes of Vikings https://t.co/ra7lijKRhD,,Twitter for iPhone,14259,410180,FALSE
1.55459E+18,Elon Musk,,"Mars & Cars, Chips & Dips",2009-06-02 20:12:29+00:00,103064102,118,13717,TRUE,2022-08-02 22:00:38+00:00,Just came across this pretty good CNBC piece on SpaceX &amp; Starship https://t.co/RELYzC40M9,,Twitter for iPhone,3713,30737,FALSE
1.55455E+18,Elon Musk,,"Mars & Cars, Chips & Dips",2009-06-02 20:12:29+00:00,103064102,118,13717,TRUE,2022-08-02 19:24:03+00:00,"@PPathole That estimate seems high, but the point is valid",,Twitter for iPhone,155,2974,FALSE
1.55434E+18,Elon Musk,,"Mars & Cars, Chips & Dips",2009-06-02 20:12:29+00:00,103064102,118,13717,TRUE,2022-08-02 05:15:23+00:00,Worth reading. This is a close match for my philosophy. https://t.co/cWEM6QBobY,,Twitter for iPhone,5214,46738,FALSE
1.55462E+18,Elon Musk,,"Mars & Cars, Chips & Dips",2009-06-02 20:12:29+00:00,103133442,118,13723,TRUE,2022-08-02 23:52:48+00:00,@Teslarati @YahooFinance @PeteButtigieg @Tesla @JohnnaCrider1 Cool,,Twitter for iPhone,516,14662,FALSE
1.55462E+18,Elon Musk,,"Mars & Cars, Chips & Dips",2009-06-02 20:12:29+00:00,103133442,118,13723,TRUE,2022-08-02 23:52:03+00:00,The ratio of digital to biological compute is growing fast. Worth tracking.,,Twitter for iPhone,7155,103370,FALSE
1.5546E+18,Elon Musk,,"Mars & Cars, Chips & Dips",2009-06-02 20:12:29+00:00,103133442,118,13723,TRUE,2022-08-02 22:32:55+00:00,@SirineAti A *successful* orbital flight is probably between 1 and 12 months from now,,Twitter for iPhone,526,6789,FALSE
1.55525E+18,Elon Musk,,"Mars & Cars, Chips & Dips",2009-06-02 20:12:29+00:00,103173117,118,13740,TRUE,2022-08-04 18:04:12+00:00,@garyblack00 I had more kids in Q2 than they made cars!,,Twitter for iPhone,3650,60085,FALSE
1.55523E+18,Elon Musk,,"Mars & Cars, Chips & Dips",2009-06-02 20:12:29+00:00,103173117,118,13740,TRUE,2022-08-04 16:24:08+00:00,@dogeofficialceo @chicago_glenn @mySA @happydad Stone of Destiny,,Twitter for iPhone,185,3164,FALSE
1.55523E+18,Elon Musk,,"Mars & Cars, Chips & Dips",2009-06-02 20:12:29+00:00,103173117,118,13740,TRUE,2022-08-04 16:23:00+00:00,@john @fullsendpodcast Was a fun hang,,Twitter for iPhone,831,35503,FALSE
1.55523E+18,Elon Musk,,"Mars & Cars, Chips & Dips",2009-06-02 20:12:29+00:00,103173117,118,13740,TRUE,2022-08-04 16:21:03+00:00,@dogeofficialceo @chicago_glenn @mySA @happydad Whiskey,,Twitter for iPhone,182,2588,FALSE
1.55523E+18,Elon Musk,,"Mars & Cars, Chips & Dips",2009-06-02 20:12:29+00:00,103173117,118,13740,TRUE,2022-08-04 16:19:18+00:00,"@chicago_glenn @mySA @happydad Yeah, pretty good. I like the name.",,Twitter for iPhone,111,2525,FALSE
1.55522E+18,Elon Musk,,"Mars & Cars, Chips & Dips",2009-06-02 20:12:29+00:00,103173117,118,13740,TRUE,2022-08-04 15:49:09+00:00,"@mySA Not true. Tesla is 5 mins from Austin International airport. Would be silly to build another private airport,ŌĆ?https://t.co/fW7u9osEpZ",,Twitter for iPhone,1957,43253,FALSE
1.55563E+18,Elon Musk,,"Mars & Cars, Chips & Dips",2009-06-02 20:12:29+00:00,103225813,118,13752,TRUE,2022-08-05 18:56:10+00:00,Hustling to get Starship Booster 7 back to pad to test outer ring of 20 engines,,Twitter for iPhone,4308,68059,FALSE
1.55557E+18,Elon Musk,,"Mars & Cars, Chips & Dips",2009-06-02 20:12:29+00:00,103225813,118,13752,TRUE,2022-08-05 15:13:31+00:00,Full Send Podcast https://t.co/01FmxYRrVr,,Twitter for iPhone,4863,44516,FALSE
1.55544E+18,Elon Musk,,"Mars & Cars, Chips & Dips",2009-06-02 20:12:29+00:00,103225813,118,13752,TRUE,2022-08-05 06:34:11+00:00,Thank goodness for Senator Manchin,,Twitter for iPhone,4869,93461,FALSE
1.55595E+18,Elon Musk,,"Mars & Cars, Chips & Dips",2009-06-02 20:12:29+00:00,103291397,118,13753,TRUE,2022-08-06 16:18:59+00:00,Less than 5% of Twitter daily users are fake/spam,,Twitter for iPhone,7627,67929,FALSE
1.55583E+18,Elon Musk,,"Mars & Cars, Chips & Dips",2009-06-02 20:12:29+00:00,103291397,118,13753,TRUE,2022-08-06 08:19:57+00:00,@EvaFoxU @PPathole @Andst7 So it seems,,Twitter for iPhone,131,2668,FALSE
1.55583E+18,Elon Musk,,"Mars & Cars, Chips & Dips",2009-06-02 20:12:29+00:00,103291397,118,13753,TRUE,2022-08-06 08:12:24+00:00,"@PPathole @Andst7 Good question, why arenŌĆÖt they?",,Twitter for iPhone,171,2649,FALSE
1.55583E+18,Elon Musk,,"Mars & Cars, Chips & Dips",2009-06-02 20:12:29+00:00,103291397,118,13753,TRUE,2022-08-06 08:05:49+00:00,@cb_doge Somehow I have 54 followers,,Twitter for iPhone,2542,113744,FALSE
1.5558E+18,Elon Musk,,"Mars & Cars, Chips & Dips",2009-06-02 20:12:29+00:00,103291397,118,13753,TRUE,2022-08-06 06:13:25+00:00,I love the smell of hydraulic fluid in the morning,,Twitter for iPhone,3419,85876,FALSE
1.55579E+18,Elon Musk,,"Mars & Cars, Chips & Dips",2009-06-02 20:12:29+00:00,103291397,118,13753,TRUE,2022-08-06 05:54:36+00:00,At launch pad https://t.co/qFVpVkLa9v,,Twitter for iPhone,4192,90117,FALSE
1.55573E+18,Elon Musk,,"Mars & Cars, Chips & Dips",2009-06-02 20:12:29+00:00,103291397,118,13753,TRUE,2022-08-06 01:23:22+00:00,Moving rocket to launch pad https://t.co/nPVq1tyLoy,,Twitter for iPhone,9520,148972,FALSE
1.55618E+18,Elon Musk,,"Mars & Cars, Chips & Dips",2009-06-02 20:12:29+00:00,103327619,118,13759,TRUE,2022-08-07 07:32:26+00:00,FSD Beta 10.69 drops on 8/20,,Twitter for iPhone,5246,69136,FALSE
1.55602E+18,Elon Musk,,"Mars & Cars, Chips & Dips",2009-06-02 20:12:29+00:00,103327619,118,13759,TRUE,2022-08-06 20:58:02+00:00,"@truth_tesla @brettlindquist @garyblack00 Yeah, not cool",,Twitter for iPhone,239,3766,FALSE
1.55602E+18,Elon Musk,,"Mars & Cars, Chips & Dips",2009-06-02 20:12:29+00:00,103327616,118,13759,TRUE,2022-08-06 20:51:30+00:00,Saxon James Musk https://t.co/d7FKw4iQIU,,Twitter for iPhone,3888,41326,FALSE
1.55671E+18,Elon Musk,,"Mars & Cars, Chips & Dips",2009-06-02 20:12:29+00:00,103463459,118,13784,TRUE,2022-08-08 18:37:32+00:00,"@garyblack00 @MartinViecha Growing at 50%/year requires an insane amount of work, but is achievable with outstanding execution",,Twitter for iPhone,1332,19901,FALSE
1.55669E+18,Elon Musk,,"Mars & Cars, Chips & Dips",2009-06-02 20:12:29+00:00,103463459,118,13784,TRUE,2022-08-08 16:56:29+00:00,@SaysSimonson Maybe investment in automation?,,Twitter for iPhone,173,3497,FALSE
1.55666E+18,Elon Musk,,"Mars & Cars, Chips & Dips",2009-06-02 20:12:29+00:00,103463460,118,13784,TRUE,2022-08-08 15:14:15+00:00,@SaysSimonson Seems high,,Twitter for iPhone,1348,31439,FALSE
1.55641E+18,Elon Musk,,"Mars & Cars, Chips & Dips",2009-06-02 20:12:29+00:00,103463460,118,13784,TRUE,2022-08-07 22:28:11+00:00,This release will be big,,Twitter for iPhone,1607,28131,FALSE
1.5572E+18,Elon Musk,,"Mars & Cars, Chips & Dips",2009-06-02 20:12:29+00:00,103557534,119,13806,TRUE,2022-08-10 03:05:02+00:00,@PPathole True,,Twitter for iPhone,164,5598,FALSE
1.5572E+18,Elon Musk,,"Mars & Cars, Chips & Dips",2009-06-02 20:12:29+00:00,103557534,119,13806,TRUE,2022-08-10 02:59:22+00:00,Quite the day https://t.co/UYQZwCvgk7,,Twitter for iPhone,2619,32999,FALSE
1.5571E+18,Elon Musk,,"Mars & Cars, Chips & Dips",2009-06-02 20:12:29+00:00,103557534,119,13806,TRUE,2022-08-09 20:34:56+00:00,@WholeMarsBlog Tesla Fremont team is kicking a**!,,Twitter for iPhone,1134,27262,FALSE
1.5571E+18,Elon Musk,,"Mars & Cars, Chips & Dips",2009-06-02 20:12:29+00:00,103557534,119,13806,TRUE,2022-08-09 20:18:09+00:00,@SciGuySpace @BryceSpaceTech SpaceX Falcon team is ­¤öź­¤öź­¤öź,,Twitter for iPhone,590,11541,FALSE
1.55701E+18,Elon Musk,,"Mars & Cars, Chips & Dips",2009-06-02 20:12:29+00:00,103557558,119,13806,TRUE,2022-08-09 14:32:57+00:00,@EvasTeslaSPlaid Happens to almost everyone,,Twitter for iPhone,1364,34819,FALSE
1.55724E+18,Elon Musk,,"Mars & Cars, Chips & Dips",2009-06-02 20:12:29+00:00,103645730,119,13815,TRUE,2022-08-10 05:34:46+00:00,8 years ago https://t.co/HPK5R5UMS6,,Twitter for iPhone,3018,29122,FALSE
1.55724E+18,Elon Musk,,"Mars & Cars, Chips & Dips",2009-06-02 20:12:29+00:00,103645730,119,13815,TRUE,2022-08-10 05:28:01+00:00,@Jason Coming soon. Part 3 is about scaling sustainable energy at a civilizational level to enable a bright future for Earth.,,Twitter for iPhone,799,9204,FALSE
1.55724E+18,Elon Musk,,"Mars & Cars, Chips & Dips",2009-06-02 20:12:29+00:00,103645730,119,13815,TRUE,2022-08-10 05:25:19+00:00,"Tesla 500 mile range Semi Truck starts shipping this year, Cybertruck next year",,Twitter for iPhone,3580,48111,FALSE
1.55724E+18,Elon Musk,,"Mars & Cars, Chips & Dips",2009-06-02 20:12:29+00:00,103645720,119,13815,TRUE,2022-08-10 05:20:12+00:00,Wrote this 6 years ago https://t.co/r9GdXpCtZU,,Twitter for iPhone,3523,36809,FALSE
1.55782E+18,Elon Musk,,"Mars & Cars, Chips & Dips",2009-06-02 20:12:29+00:00,103739091,120,13823,TRUE,2022-08-11 19:46:38+00:00,About to attempt long duration engine firing to test autogenous pressurization,,Twitter for iPhone,1796,41416,FALSE
1.55776E+18,Elon Musk,,"Mars & Cars, Chips & Dips",2009-06-02 20:12:29+00:00,103739091,120,13823,TRUE,2022-08-11 16:23:10+00:00,Starship B7 static fire https://t.co/taBpsd9LSV,,Twitter for iPhone,9271,135038,FALSE
1.55776E+18,Elon Musk,,"Mars & Cars, Chips & Dips",2009-06-02 20:12:29+00:00,103739091,120,13823,TRUE,2022-08-11 16:11:06+00:00,@sourpatchlyds True. I already get audited every year by default.,,Twitter for iPhone,780,18059,FALSE
1.5576E+18,Elon Musk,,"Mars & Cars, Chips & Dips",2009-06-02 20:12:29+00:00,103739091,120,13823,TRUE,2022-08-11 05:35:55+00:00,"@_Tesla247_ Thanks, but I already have one",,Twitter for iPhone,1456,42732,FALSE
1.55758E+18,Elon Musk,,"Mars & Cars, Chips & Dips",2009-06-02 20:12:29+00:00,103739091,120,13823,TRUE,2022-08-11 04:20:08+00:00,@PPathole @guardian Because Tesla doesnŌĆÖt advertise and other car companies do,,Twitter for iPhone,497,6445,FALSE
1.55757E+18,Elon Musk,,"Mars & Cars, Chips & Dips",2009-06-02 20:12:29+00:00,103739091,120,13823,TRUE,2022-08-11 03:37:12+00:00,@EvaFoxU @WIsitlike @WholeMarsBlog @Kristennetten @99brownKaryl @DriveTeslaca From Real Scam OŌĆÖDowd,,Twitter for iPhone,325,4689,FALSE
1.55757E+18,Elon Musk,,"Mars & Cars, Chips & Dips",2009-06-02 20:12:29+00:00,103739091,120,13823,TRUE,2022-08-11 03:33:14+00:00,"@guardian ŌĆ£The GuardianŌĆ?swallows scam video hook, line &amp; sinker! https://t.co/D64OpwLvfg",,Twitter for iPhone,1150,13404,FALSE
1.55818E+18,Elon Musk,,"Mars & Cars, Chips & Dips",2009-06-02 20:12:29+00:00,103846785,120,13838,TRUE,2022-08-12 20:04:32+00:00,@cb_doge There are no coincidences,,Twitter for iPhone,550,12678,FALSE
1.55818E+18,Elon Musk,,"Mars & Cars, Chips & Dips",2009-06-02 20:12:29+00:00,103846785,120,13838,TRUE,2022-08-12 19:58:59+00:00,itŌĆÖs a sticky situation,,Twitter for iPhone,3401,110555,FALSE
1.55816E+18,Elon Musk,,"Mars & Cars, Chips & Dips",2009-06-02 20:12:29+00:00,103846785,120,13838,TRUE,2022-08-12 18:23:27+00:00,@UberFacts They had a good run! Humanity has a long way to go to equal their time on Earth.,,Twitter for iPhone,1278,34085,FALSE
1.55796E+18,Elon Musk,,"Mars & Cars, Chips & Dips",2009-06-02 20:12:29+00:00,103846785,120,13838,TRUE,2022-08-12 05:08:20+00:00,This will be Mars one day https://t.co/nf4hML8dKx,,Twitter for iPhone,24941,366070,FALSE
1.55794E+18,Elon Musk,,"Mars & Cars, Chips & Dips",2009-06-02 20:12:29+00:00,103846785,120,13838,TRUE,2022-08-12 04:14:03+00:00,but have u seen my sex tape https://t.co/aCBqIRz4sH,,Twitter for iPhone,49706,672570,FALSE
1.55831E+18,Elon Musk,,"Mars & Cars, Chips & Dips",2009-06-02 20:12:29+00:00,103933747,120,13843,TRUE,2022-08-13 04:26:20+00:00,Ahem @twitter https://t.co/LCDpOeIei5,,Twitter for iPhone,1887,30184,FALSE
1.55831E+18,Elon Musk,,"Mars & Cars, Chips & Dips",2009-06-02 20:12:29+00:00,103933747,120,13843,TRUE,2022-08-13 04:21:47+00:00,@techAU @wintonARK WeŌĆÖll phase in Dojo. WonŌĆÖt need to buy as many incremental GPUs next year.,,Twitter for iPhone,175,2888,FALSE
1.55831E+18,Elon Musk,,"Mars & Cars, Chips & Dips",2009-06-02 20:12:29+00:00,103933747,120,13843,TRUE,2022-08-13 04:19:37+00:00,@WholeMarsBlog @wintonARK Waitlist is too long. Will enable again as we ramp production.,,Twitter for iPhone,308,4515,FALSE
1.5583E+18,Elon Musk,,"Mars & Cars, Chips & Dips",2009-06-02 20:12:29+00:00,103933747,120,13843,TRUE,2022-08-13 04:03:26+00:00,Adding the 13 inner engines https://t.co/ooOFEGl0Hr,,Twitter for iPhone,6734,93917,FALSE
1.55829E+18,Elon Musk,,"Mars & Cars, Chips & Dips",2009-06-02 20:12:29+00:00,103933747,120,13843,TRUE,2022-08-13 03:24:34+00:00,@wintonARK Yikes,,Twitter for iPhone,168,4469,FALSE
1.55829E+18,Elon Musk,,"Mars & Cars, Chips & Dips",2009-06-02 20:12:29+00:00,103933747,120,13843,TRUE,2022-08-13 03:22:07+00:00,Another orbital plane of polar satellites https://t.co/UDl6wStLuT,,Twitter for iPhone,2468,30912,FALSE
1.55891E+18,Elon Musk,,"Mars & Cars, Chips & Dips",2009-06-02 20:12:29+00:00,103946799,120,13852,TRUE,2022-08-14 20:25:25+00:00,@BillFOXLA Strange that this receives very little attention in the media,,Twitter for iPhone,4314,24246,FALSE
1.55888E+18,Elon Musk,,"Mars & Cars, Chips & Dips",2009-06-02 20:12:29+00:00,103946799,120,13852,TRUE,2022-08-14 18:06:19+00:00,@BillFOXLA 400k from one border crossing in less than a year?,,Twitter for iPhone,3240,13865,FALSE
1.55887E+18,Elon Musk,,"Mars & Cars, Chips & Dips",2009-06-02 20:12:29+00:00,103946799,120,13852,TRUE,2022-08-14 17:26:50+00:00,Congrats Giga Shanghai on making millionth car! Total Teslas made now over 3M. https://t.co/2Aee6slCuv,,Twitter for iPhone,10269,158808,FALSE
1.55867E+18,Elon Musk,,"Mars & Cars, Chips & Dips",2009-06-02 20:12:29+00:00,103946799,120,13852,TRUE,2022-08-14 04:06:27+00:00,@teslaownersSV @drive_autonomy @TheScottPainter Production is a much bigger challenge than demand,,Twitter for iPhone,1094,19239,FALSE
1.55865E+18,Elon Musk,,"Mars & Cars, Chips & Dips",2009-06-02 20:12:29+00:00,103946799,120,13852,TRUE,2022-08-14 02:59:09+00:00,@teslaownersSV I hope there is a self-sustaining city on Mars in 20 years!,,Twitter for iPhone,3170,67238,FALSE
1.55864E+18,Elon Musk,,"Mars & Cars, Chips & Dips",2009-06-02 20:12:29+00:00,103946799,120,13852,TRUE,2022-08-14 02:08:54+00:00,Just Read The Instructions https://t.co/BWYzSEE0Q8,,Twitter for iPhone,22940,242758,FALSE
1.55932E+18,Elon Musk,,"Mars & Cars, Chips & Dips",2009-06-02 20:12:29+00:00,104022136,121,13859,TRUE,2022-08-15 23:33:24+00:00,@teslaownersSV Yes. Tesla Autopilot/AI team is doing amazing work! 10.69 will be worth its name.,,Twitter for iPhone,1335,21690,FALSE
1.55981E+18,Elon Musk,,"Mars & Cars, Chips & Dips",2009-06-02 20:12:29+00:00,104112378,121,13864,TRUE,2022-08-17 07:49:25+00:00,"@wonderofscience Mercury, the forbidden candy",,Twitter for iPhone,995,39656,FALSE
1.5598E+18,Elon Musk,,"Mars & Cars, Chips & Dips",2009-06-02 20:12:29+00:00,104112378,121,13864,TRUE,2022-08-17 07:29:58+00:00,@Elon_Quotes_ Almost all of EarthŌĆÖs energy comes from the sun already ŌĆ?we would be a dark iceball at near absoluteŌĆ?https://t.co/qh8GR7w0sq,,Twitter for iPhone,909,11106,FALSE
1.55977E+18,Elon Musk,,"Mars & Cars, Chips & Dips",2009-06-02 20:12:29+00:00,104112378,121,13864,TRUE,2022-08-17 05:09:23+00:00,"@teslaownersSV Although, if it were any team, it would be Man U. They were my fav team as a kid.",,Twitter for iPhone,6057,52479,FALSE
1.55977E+18,Elon Musk,,"Mars & Cars, Chips & Dips",2009-06-02 20:12:29+00:00,104112378,121,13864,TRUE,2022-08-17 04:59:51+00:00,Standup is my side-hustle,,Twitter for iPhone,8981,157172,FALSE
1.55977E+18,Elon Musk,,"Mars & Cars, Chips & Dips",2009-06-02 20:12:29+00:00,104112378,121,13864,TRUE,2022-08-17 04:56:28+00:00,"@teslaownersSV And IŌĆÖm not buying Coca-Cola to put the cocaine back in, despite the extreme popularity of such a move",,Twitter for iPhone,1596,19641,FALSE
1.55976E+18,Elon Musk,,"Mars & Cars, Chips & Dips",2009-06-02 20:12:29+00:00,104112378,121,13864,TRUE,2022-08-17 04:34:45+00:00,"@teslaownersSV No, this is a long-running joke on Twitter. IŌĆÖm not buying any sports teams.",,Twitter for iPhone,11310,109696,FALSE
1.5597E+18,Elon Musk,,"Mars & Cars, Chips & Dips",2009-06-02 20:12:29+00:00,104112378,121,13864,TRUE,2022-08-17 00:26:00+00:00,@WholeMarsBlog @karpathy Got to build those YouTube subscriptions!,,Twitter for iPhone,503,14382,FALSE
1.5597E+18,Elon Musk,,"Mars & Cars, Chips & Dips",2009-06-02 20:12:29+00:00,104112378,121,13864,TRUE,2022-08-17 00:14:44+00:00,"@EvaFoxU Note, we are trying to reduce delivery times as quickly as possible. Long wait times are not a good thing.",,Twitter for iPhone,519,10051,FALSE
1.55969E+18,Elon Musk,,"Mars & Cars, Chips & Dips",2009-06-02 20:12:29+00:00,104112378,121,13864,TRUE,2022-08-17 00:05:25+00:00,"@realginnyrobins Yeah, thatŌĆÖs what I mean",,Twitter for iPhone,490,16225,FALSE
1.55969E+18,Elon Musk,,"Mars & Cars, Chips & Dips",2009-06-02 20:12:29+00:00,104112378,121,13864,TRUE,2022-08-17 00:01:46+00:00,"Also, IŌĆÖm buying Manchester United ur welcome",,Twitter for iPhone,122136,893261,FALSE
1.55969E+18,Elon Musk,,"Mars & Cars, Chips & Dips",2009-06-02 20:12:29+00:00,104112378,121,13864,TRUE,2022-08-17 00:00:36+00:00,@Grimezsz The downside of elf ear surgery probably outweighs the upside,,Twitter for iPhone,541,19142,FALSE
1.55969E+18,Elon Musk,,"Mars & Cars, Chips & Dips",2009-06-02 20:12:29+00:00,104112378,121,13864,TRUE,2022-08-16 23:56:43+00:00,"To be clear, I support the left half of the Republican Party and the right half of the Democratic Party!",,Twitter for iPhone,21525,369891,FALSE
1.55969E+18,Elon Musk,,"Mars & Cars, Chips & Dips",2009-06-02 20:12:29+00:00,104112378,121,13864,TRUE,2022-08-16 23:52:55+00:00,@yangliuxh @ZichenWanghere Reasonably accurate translation,,Twitter for iPhone,226,4399,FALSE
1.55959E+18,Elon Musk,,"Mars & Cars, Chips & Dips",2009-06-02 20:12:29+00:00,104112378,121,13864,TRUE,2022-08-16 17:29:52+00:00,@WholeMarsBlog ­¤żŻ ok weŌĆÖll turn it on,,Twitter for iPhone,667,17258,FALSE
1.55992E+18,Elon Musk,,"Mars & Cars, Chips & Dips",2009-06-02 20:12:29+00:00,104187839,122,13878,TRUE,2022-08-17 14:59:16+00:00,"@RationalEtienne @MuskUniversity For some reason, I just agree with that guy so much!",,Twitter for iPhone,188,3839,FALSE
1.55983E+18,Elon Musk,,"Mars & Cars, Chips & Dips",2009-06-02 20:12:29+00:00,104187839,122,13878,TRUE,2022-08-17 09:22:09+00:00,­¤ÄČ This Magic Moment ­¤ÄČ,,Twitter for iPhone,6100,96068,FALSE
1.55982E+18,Elon Musk,,"Mars & Cars, Chips & Dips",2009-06-02 20:12:29+00:00,104187839,122,13878,TRUE,2022-08-17 08:48:41+00:00,@Kristennetten @wonderofscience *shall,,Twitter for iPhone,107,2342,FALSE
1.55982E+18,Elon Musk,,"Mars & Cars, Chips & Dips",2009-06-02 20:12:29+00:00,104187839,122,13878,TRUE,2022-08-17 08:48:00+00:00,@Kristennetten @wonderofscience I will seek out one of these ŌĆ£Mars BarsŌĆ?tomorrow!,,Twitter for iPhone,198,3744,FALSE
1.55982E+18,Elon Musk,,"Mars & Cars, Chips & Dips",2009-06-02 20:12:29+00:00,104187839,122,13878,TRUE,2022-08-17 08:44:21+00:00,Being a Mom is just as important as any career,,Twitter for iPhone,81077,736875,FALSE
1.55981E+18,Elon Musk,,"Mars & Cars, Chips & Dips",2009-06-02 20:12:29+00:00,104187839,122,13878,TRUE,2022-08-17 08:08:12+00:00,Highly Recommend https://t.co/nrDZ4gJqEE,,Twitter for iPhone,1498,23676,FALSE
1.56036E+18,Elon Musk,,"Mars & Cars, Chips & Dips",2009-06-02 20:12:29+00:00,104273984,122,13883,TRUE,2022-08-18 20:16:36+00:00,"@SawyerMerritt @ICannot_Enough Modifying your car after delivery is legal in America, so yes ­¤śĆ",,Twitter for iPhone,270,4670,FALSE
1.56031E+18,Elon Musk,,"Mars & Cars, Chips & Dips",2009-06-02 20:12:29+00:00,104273984,122,13883,TRUE,2022-08-18 16:51:06+00:00,"@ICannot_Enough That said, we will add autoconfigure to side mirrors",,Twitter for iPhone,212,4229,FALSE
1.56029E+18,Elon Musk,,"Mars & Cars, Chips & Dips",2009-06-02 20:12:29+00:00,104273984,122,13883,TRUE,2022-08-18 15:56:39+00:00,@ICannot_Enough Side mirrors cause ~5% range reduction at highway speed,,Twitter for iPhone,248,4301,FALSE
1.56029E+18,Elon Musk,,"Mars & Cars, Chips & Dips",2009-06-02 20:12:29+00:00,104273984,122,13883,TRUE,2022-08-18 15:53:55+00:00,"@ICannot_Enough Yes, but side mirrors wonŌĆÖt be needed in a self-driving future",,Twitter for iPhone,1150,34314,FALSE
1.56073E+18,Elon Musk,,"Mars & Cars, Chips & Dips",2009-06-02 20:12:29+00:00,104340910,124,13891,TRUE,2022-08-19 20:57:21+00:00,Might need a new PO Box after tweeting this ­¤żŻ,,Twitter for iPhone,2481,89502,FALSE
1.56072E+18,Elon Musk,,"Mars & Cars, Chips & Dips",2009-06-02 20:12:29+00:00,104340910,124,13891,TRUE,2022-08-19 20:07:52+00:00,"Nice letter from Bill Nix, who wouldŌĆÖve been my prof at Stanford if I hadnŌĆÖt put grad studies on (permanent) defermŌĆ?https://t.co/bQtZ78w3y8",,Twitter for iPhone,7704,151218,FALSE
1.56071E+18,Elon Musk,,"Mars & Cars, Chips & Dips",2009-06-02 20:12:29+00:00,104340910,124,13891,TRUE,2022-08-19 19:34:41+00:00,"@SpaceX Each fairing half is a fully capable reentry vehicle with its own thrusters, thermal protection, avionics &amp; sensor suite",,Twitter for iPhone,1115,17407,FALSE
1.56063E+18,Elon Musk,,"Mars & Cars, Chips & Dips",2009-06-02 20:12:29+00:00,104340910,124,13891,TRUE,2022-08-19 14:25:53+00:00,@Dilbert_Daily Free Willy was never free ­¤śó,,Twitter for iPhone,803,14508,FALSE
1.56051E+18,Elon Musk,,"Mars & Cars, Chips & Dips",2009-06-02 20:12:29+00:00,104340910,124,13891,TRUE,2022-08-19 06:04:54+00:00,Still so grateful ­¤ź╣ https://t.co/EhdyXw4fqN,,Twitter for iPhone,31934,564423,FALSE
1.5605E+18,Elon Musk,,"Mars & Cars, Chips & Dips",2009-06-02 20:12:29+00:00,104340910,124,13891,TRUE,2022-08-19 05:28:59+00:00,@CChomp13 Entropy,,Twitter for iPhone,546,11631,FALSE
1.56116E+18,Elon Musk,,"Mars & Cars, Chips & Dips",2009-06-02 20:12:29+00:00,104428919,123,13912,TRUE,2022-08-21 01:04:46+00:00,@aelluswamy Worth hearing about Tesla Autopilot software/AI progress,,Twitter for iPhone,537,10016,FALSE
1.56105E+18,Elon Musk,,"Mars & Cars, Chips & Dips",2009-06-02 20:12:29+00:00,104428919,123,13912,TRUE,2022-08-20 17:43:15+00:00,"@WholeMarsBlog As mentioned previously, this is a major release, so we need to be cautious. Goes out to ~1000 Beta participants later today.",,Twitter for iPhone,387,5372,FALSE
1.56161E+18,Elon Musk,,"Mars & Cars, Chips & Dips",2009-06-02 20:12:29+00:00,104507069,123,13921,TRUE,2022-08-22 06:57:42+00:00,Neuralink progress update show &amp; tell on October 31 st (Halloween),,Twitter for iPhone,7169,97075,FALSE
1.56161E+18,Elon Musk,,"Mars & Cars, Chips & Dips",2009-06-02 20:12:29+00:00,104507069,123,13921,TRUE,2022-08-22 06:44:02+00:00,It is the fastest way to get between one downtown and another with known physics (and the Standard Model is proving quiet resilient)!,,Twitter for iPhone,907,15983,FALSE
1.5616E+18,Elon Musk,,"Mars & Cars, Chips & Dips",2009-06-02 20:12:29+00:00,104507076,123,13921,TRUE,2022-08-22 06:42:02+00:00,Would be cool to do a (much simplified) Hyperloop demo tunnel between maybe Austin &amp; San Antonio?,,Twitter for iPhone,1409,23807,FALSE
1.5616E+18,Elon Musk,,"Mars & Cars, Chips & Dips",2009-06-02 20:12:29+00:00,104507076,123,13921,TRUE,2022-08-22 06:40:07+00:00,Now @boringcompany tunnels are in active use in Vegas. Try it if youŌĆÖre in town. Will be expanding to connect all mŌĆ?https://t.co/74aqxcAkz4,,Twitter for iPhone,706,11991,FALSE
1.56143E+18,Elon Musk,,"Mars & Cars, Chips & Dips",2009-06-02 20:12:29+00:00,104507076,123,13921,TRUE,2022-08-21 19:06:23+00:00,@chazman @aelluswamy Glad itŌĆÖs working out! Thanks for giving us this tough case to solve. ThatŌĆÖs what field testinŌĆ?https://t.co/BqPZWUOmML,,Twitter for iPhone,504,8315,FALSE
1.56143E+18,Elon Musk,,"Mars & Cars, Chips & Dips",2009-06-02 20:12:29+00:00,104507076,123,13921,TRUE,2022-08-21 19:02:05+00:00,@chazman @aelluswamy Just wanted to emphasize again that our awesome Tesla software/AI team is who really deservesŌĆ?https://t.co/SQb6slGA8J,,Twitter for iPhone,1409,24168,FALSE
1.56136E+18,Elon Musk,,"Mars & Cars, Chips & Dips",2009-06-02 20:12:29+00:00,104507076,123,13921,TRUE,2022-08-21 14:41:54+00:00,"Note, you can upgrade your existing car to FSD in 2 mins via the Tesla app",,Twitter for iPhone,1444,24788,FALSE
1.56133E+18,Elon Musk,,"Mars & Cars, Chips & Dips",2009-06-02 20:12:29+00:00,104507076,123,13921,TRUE,2022-08-21 12:41:06+00:00,"@BLKMDL3 @Tesla Tesla Autopilot/AI team did great work with 10.69! Some point releases needed for polish, so 10.69.2 should really shine.",,Twitter for iPhone,854,14799,FALSE
1.56234E+18,Elon Musk,,"Mars & Cars, Chips & Dips",2009-06-02 20:12:29+00:00,104707604,123,13952,TRUE,2022-08-24 07:28:13+00:00,The course of civilization is not always upward https://t.co/8mr7pFWcnI,,Twitter for iPhone,3226,34164,FALSE
1.56232E+18,Elon Musk,,"Mars & Cars, Chips & Dips",2009-06-02 20:12:29+00:00,104707604,123,13952,TRUE,2022-08-24 05:49:16+00:00,@heydave7 True,,Twitter for iPhone,383,8881,FALSE
1.56231E+18,Elon Musk,,"Mars & Cars, Chips & Dips",2009-06-02 20:12:29+00:00,104707604,123,13952,TRUE,2022-08-24 05:44:21+00:00,Mechazilla loads Starship on launchpad https://t.co/LfkfjpAcZj,,Twitter for iPhone,10986,160015,FALSE
1.56216E+18,Elon Musk,,"Mars & Cars, Chips & Dips",2009-06-02 20:12:29+00:00,104707604,123,13952,TRUE,2022-08-23 19:17:56+00:00,@arctechinc 10.69 is in limited release for a reason. Please do not ask to be included in early beta releases and then complain.,,Twitter for iPhone,1255,33376,FALSE
1.56214E+18,Elon Musk,,"Mars & Cars, Chips & Dips",2009-06-02 20:12:29+00:00,104707604,123,13952,TRUE,2022-08-23 17:52:14+00:00,"So spam prevalence *was* shared with the board, but the board chose not disclose that to the public ŌĆ?https://t.co/lXk48TFZL1",,Twitter for iPhone,3387,24230,FALSE
1.56213E+18,Elon Musk,,"Mars & Cars, Chips & Dips",2009-06-02 20:12:29+00:00,104707604,123,13952,TRUE,2022-08-23 17:42:54+00:00,@andst7 Important thread,,Twitter for iPhone,893,18957,FALSE
1.5621E+18,Elon Musk,,"Mars & Cars, Chips & Dips",2009-06-02 20:12:29+00:00,104707604,123,13952,TRUE,2022-08-23 15:50:28+00:00,@ID_AA_Carmack YouŌĆÖre waking up in the morning!?,,Twitter for iPhone,132,2421,FALSE
1.56254E+18,Elon Musk,,"Mars & Cars, Chips & Dips",2009-06-02 20:12:29+00:00,104774628,123,13960,TRUE,2022-08-24 20:22:34+00:00,"@BBC_Future I would gladly obey their commands, but I canŌĆÖt tell what theyŌĆÖre saying!",,Twitter for iPhone,830,15157,FALSE
1.56252E+18,Elon Musk,,"Mars & Cars, Chips & Dips",2009-06-02 20:12:29+00:00,104774628,123,13960,TRUE,2022-08-24 19:25:43+00:00,"@RationalEtienne @arctechinc I do not doubt that. Criticism, public or private, is welcome after we go to wide betaŌĆ?https://t.co/gg6CjgQ1XS",,Twitter for iPhone,296,4054,FALSE
1.56251E+18,Elon Musk,,"Mars & Cars, Chips & Dips",2009-06-02 20:12:29+00:00,104774628,123,13960,TRUE,2022-08-24 18:28:39+00:00,@RationalEtienne @arctechinc No. Let me make something clear: James contacted me directly to be included in *early*ŌĆ?https://t.co/okaRVaOrrK,,Twitter for iPhone,354,5848,FALSE
1.56248E+18,Elon Musk,,"Mars & Cars, Chips & Dips",2009-06-02 20:12:29+00:00,104774628,123,13960,TRUE,2022-08-24 16:31:54+00:00,This is something special https://t.co/LSMIRYT8zf,,Twitter for iPhone,4249,43275,FALSE
1.56302E+18,Elon Musk,,"Mars & Cars, Chips & Dips",2009-06-02 20:12:29+00:00,104832108,123,13966,TRUE,2022-08-26 04:31:43+00:00,(And I do think global warming is a major risk),,Twitter for iPhone,2978,73032,FALSE
1.56302E+18,Elon Musk,,"Mars & Cars, Chips & Dips",2009-06-02 20:12:29+00:00,104832108,123,13966,TRUE,2022-08-26 04:29:21+00:00,Mark these words,,Twitter for iPhone,2944,65601,FALSE
1.56302E+18,Elon Musk,,"Mars & Cars, Chips & Dips",2009-06-02 20:12:29+00:00,104832108,123,13966,TRUE,2022-08-26 04:27:02+00:00,Population collapse due to low birth rates is a much bigger risk to civilization than global warming,,Twitter for iPhone,41691,356762,FALSE
1.56302E+18,Elon Musk,,"Mars & Cars, Chips & Dips",2009-06-02 20:12:29+00:00,104832108,123,13966,TRUE,2022-08-26 04:10:43+00:00,@SciGuySpace Good summary,,Twitter for iPhone,353,9991,FALSE
1.56296E+18,Elon Musk,,"Mars & Cars, Chips & Dips",2009-06-02 20:12:29+00:00,104832108,123,13966,TRUE,2022-08-26 00:42:37+00:00,"Note, connectivity will be 2 to 4 Mbits per cell zone, so will work great for texting &amp; voice calls, but not high bandwidth",,Twitter for iPhone,2837,48602,FALSE
1.56296E+18,Elon Musk,,"Mars & Cars, Chips & Dips",2009-06-02 20:12:29+00:00,104832108,123,13966,TRUE,2022-08-26 00:13:51+00:00,"Starlink V2, launching next year, will transmit direct to mobile phones, eliminating dead zones worldwide",,Twitter for iPhone,20946,200743,FALSE
1.56294E+18,Elon Musk,,"Mars & Cars, Chips & Dips",2009-06-02 20:12:29+00:00,104832108,123,13966,TRUE,2022-08-25 22:49:28+00:00,Livestream of big news in about an hour https://t.co/LSMIRYBxHH,,Twitter for iPhone,2489,26378,FALSE
1.56289E+18,Elon Musk,,"Mars & Cars, Chips & Dips",2009-06-02 20:12:29+00:00,104832108,123,13966,TRUE,2022-08-25 19:39:08+00:00,@teslaownersSV 10.69.1 releases Monday night. 10.69.2 about a week or so later ŌĆ?this will be the wide beta version.,,Twitter for iPhone,851,13651,FALSE
1.56289E+18,Elon Musk,,"Mars & Cars, Chips & Dips",2009-06-02 20:12:29+00:00,104832108,123,13966,TRUE,2022-08-25 19:33:21+00:00,@SawyerMerritt @SpaceX Ron Barron is awesome,,Twitter for iPhone,766,16535,FALSE
1.56284E+18,Elon Musk,,"Mars & Cars, Chips & Dips",2009-06-02 20:12:29+00:00,104832108,123,13966,TRUE,2022-08-25 16:29:50+00:00,@WholeMarsBlog @RealDanODowd ­¤”ć ­¤Æ® crazy,,Twitter for iPhone,345,5576,FALSE
1.56334E+18,Elon Musk,,"Mars & Cars, Chips & Dips",2009-06-02 20:12:29+00:00,104887709,123,13969,TRUE,2022-08-27 01:33:14+00:00,@RenataKonkoly The caffeine one is most troubling,,Twitter for iPhone,183,5068,FALSE
1.56331E+18,Elon Musk,,"Mars & Cars, Chips & Dips",2009-06-02 20:12:29+00:00,104887709,123,13969,TRUE,2022-08-26 23:40:47+00:00,@SKMorefield Some are indeed sadly anti-human,,Twitter for iPhone,617,13612,FALSE
1.56329E+18,Elon Musk,,"Mars & Cars, Chips & Dips",2009-06-02 20:12:29+00:00,104887709,123,13969,TRUE,2022-08-26 22:27:59+00:00,Countries should be increasing nuclear power generation! It is insane from a national security standpoint &amp; bad forŌĆ?https://t.co/nESJOIS0Qm,,Twitter for iPhone,35522,306255,FALSE
1.56329E+18,Elon Musk,,"Mars & Cars, Chips & Dips",2009-06-02 20:12:29+00:00,104887709,123,13969,TRUE,2022-08-26 22:23:52+00:00,@ICannot_Enough It is safe to say that our output will not exceed the mass of the known universe,,Twitter for iPhone,959,24445,FALSE
1.56322E+18,Elon Musk,,"Mars & Cars, Chips & Dips",2009-06-02 20:12:29+00:00,104887710,123,13969,TRUE,2022-08-26 17:48:58+00:00,@BillyM2k True,,Twitter for iPhone,617,14960,FALSE
1.56316E+18,Elon Musk,,"Mars & Cars, Chips & Dips",2009-06-02 20:12:29+00:00,104887710,123,13969,TRUE,2022-08-26 13:51:54+00:00,"@MatchasmMatt @jasondebolt @heydave7 That, plus pessimism about the future / false overpopulation fears",,Twitter for iPhone,129,2392,FALSE
1.56395E+18,Elon Musk,,"Mars & Cars, Chips & Dips",2009-06-02 20:12:29+00:00,104978434,123,13971,TRUE,2022-08-28 18:01:21+00:00,Please share some things in this thread which are working for you in life &amp; that others may find helpful!,,Twitter for iPhone,4697,69662,FALSE
1.56395E+18,Elon Musk,,"Mars & Cars, Chips & Dips",2009-06-02 20:12:29+00:00,104978434,123,13971,TRUE,2022-08-28 17:54:13+00:00,"From time to time, I will share some things that seem to be working for me, in case you find it helpful",,Twitter for iPhone,13337,207085,FALSE
1.56394E+18,Elon Musk,,"Mars & Cars, Chips & Dips",2009-06-02 20:12:29+00:00,104978434,123,13971,TRUE,2022-08-28 17:40:56+00:00,The Zero fasting app is quite good,,Twitter for iPhone,1936,44064,FALSE
1.56394E+18,Elon Musk,,"Mars & Cars, Chips & Dips",2009-06-02 20:12:29+00:00,104978434,123,13971,TRUE,2022-08-28 17:40:02+00:00,"On advice of a good friend, IŌĆÖve been fasting periodically &amp; feel healthier",,Twitter for iPhone,12962,200095,FALSE
1.56394E+18,Elon Musk,,"Mars & Cars, Chips & Dips",2009-06-02 20:12:29+00:00,104978434,123,13971,TRUE,2022-08-28 17:35:19+00:00,"@nypost Yes, but IŌĆÖve done a lot with the place!",,Twitter for iPhone,3553,134744,FALSE
1.56389E+18,Elon Musk,,"Mars & Cars, Chips & Dips",2009-06-02 20:12:29+00:00,104978434,123,13971,TRUE,2022-08-28 13:50:29+00:00,@bullsunvalley @culturaltutor gnus news snooze,,Twitter for iPhone,62,1219,FALSE
1.56388E+18,Elon Musk,,"Mars & Cars, Chips & Dips",2009-06-02 20:12:29+00:00,104978434,123,13971,TRUE,2022-08-28 13:27:05+00:00,@AGiovanni_1 @culturaltutor Coming,,Twitter for iPhone,83,1661,FALSE
1.56388E+18,Elon Musk,,"Mars & Cars, Chips & Dips",2009-06-02 20:12:29+00:00,104978434,123,13971,TRUE,2022-08-28 13:26:40+00:00,@RenataKonkoly @culturaltutor Ares,,Twitter for iPhone,61,1078,FALSE
1.56376E+18,Elon Musk,,"Mars & Cars, Chips & Dips",2009-06-02 20:12:29+00:00,104978434,123,13971,TRUE,2022-08-28 05:29:11+00:00,Squeezing extra performance out of Falcon 9 ŌĆ?almost at 17 metric tons to an actual useful orbit with booster &amp; faiŌĆ?https://t.co/4lZ6aSVugM,,Twitter for iPhone,2554,34889,FALSE
1.56374E+18,Elon Musk,,"Mars & Cars, Chips & Dips",2009-06-02 20:12:29+00:00,104978434,123,13971,TRUE,2022-08-28 04:26:03+00:00,@culturaltutor Maybe itŌĆÖs times for new roman,,Twitter for iPhone,2170,69823,FALSE
1.56374E+18,Elon Musk,,"Mars & Cars, Chips & Dips",2009-06-02 20:12:29+00:00,104978434,123,13971,TRUE,2022-08-28 04:22:40+00:00,@slashdot Getting to orbit &amp; back is harder than it may seem,,Twitter for iPhone,706,12949,FALSE
1.56453E+18,Elon Musk,,"Mars & Cars, Chips & Dips",2009-06-02 20:12:29+00:00,105049350,123,14007,TRUE,2022-08-30 08:38:22+00:00,@MuskUniversity ItŌĆÖs true,,Twitter for iPhone,737,16617,FALSE
1.56453E+18,Elon Musk,,"Mars & Cars, Chips & Dips",2009-06-02 20:12:29+00:00,105049350,123,14007,TRUE,2022-08-30 08:38:06+00:00,@teslaownersSV @SpaceX Ancient times,,Twitter for iPhone,867,26954,FALSE
1.5643E+18,Elon Musk,,"Mars & Cars, Chips & Dips",2009-06-02 20:12:29+00:00,105049350,123,14007,TRUE,2022-08-29 17:13:19+00:00,@teslaownersSV It will grow by at least 5 to 10 meters over time,,Twitter for iPhone,1669,40947,FALSE
1.56407E+18,Elon Musk,,"Mars & Cars, Chips & Dips",2009-06-02 20:12:29+00:00,105049346,123,14007,TRUE,2022-08-29 02:11:30+00:00,@MuskUniversity Good to ask yourself this often,,Twitter for iPhone,963,20699,FALSE
1.56404E+18,Elon Musk,,"Mars & Cars, Chips & Dips",2009-06-02 20:12:29+00:00,105049346,123,14007,TRUE,2022-08-28 23:51:49+00:00,This will happen again ŌĆ?just a matter of time https://t.co/HeyZhZbAih,,Twitter for iPhone,5209,54460,FALSE
1.56403E+18,Elon Musk,,"Mars & Cars, Chips & Dips",2009-06-02 20:12:29+00:00,105049346,123,14007,TRUE,2022-08-28 23:35:36+00:00,Godspeed Artemis! https://t.co/8rZSQPamBf,,Twitter for iPhone,4489,50798,FALSE
1.56402E+18,Elon Musk,,"Mars & Cars, Chips & Dips",2009-06-02 20:12:29+00:00,105049346,123,14007,TRUE,2022-08-28 22:54:36+00:00,@RenataKonkoly @Kristennetten @culturaltutor The swoop of the X is meant to represent the rocketŌĆÖs arc to orbit,,Twitter for iPhone,198,3227,FALSE
1.56402E+18,Elon Musk,,"Mars & Cars, Chips & Dips",2009-06-02 20:12:29+00:00,105049346,123,14007,TRUE,2022-08-28 22:47:40+00:00,"@jonbbc Hopefully, this week",,Twitter for iPhone,229,5331,FALSE
1.56402E+18,Elon Musk,,"Mars & Cars, Chips & Dips",2009-06-02 20:12:29+00:00,105049346,123,14007,TRUE,2022-08-28 22:46:44+00:00,@Kristennetten @culturaltutor I somewhat agonized over the Tesla &amp; SpaceX font design (love fonts tbh). There are sŌĆ?https://t.co/H0EzbrUa7D,,Twitter for iPhone,146,2514,FALSE
1.56402E+18,Elon Musk,,"Mars & Cars, Chips & Dips",2009-06-02 20:12:29+00:00,105049346,123,14007,TRUE,2022-08-28 22:42:28+00:00,@jgebbia Wise actions,,Twitter for iPhone,649,14613,FALSE
1.56395E+18,Elon Musk,,"Mars & Cars, Chips & Dips",2009-06-02 20:12:29+00:00,105049346,123,14007,TRUE,2022-08-28 18:18:00+00:00,@hubermanlab Diet Coke is amazing,,Twitter for iPhone,1363,21488,FALSE
1.56772E+18,Elon Musk,,"Mars & Cars, Chips & Dips",2009-06-02 20:12:29+00:00,105211670,123,14033,TRUE,2022-09-08 03:56:50+00:00,My version of OccamŌĆÖs Razor: most entertaining outcome is most likely ŌĆ?https://t.co/zBWQ2altnX,,Twitter for iPhone,799,12343,FALSE
1.56772E+18,Elon Musk,,"Mars & Cars, Chips & Dips",2009-06-02 20:12:29+00:00,105211670,123,14033,TRUE,2022-09-08 03:52:39+00:00,"ŌĆ£Talent hits a target no one else can hit, genius hits a target no one can see (cause itŌĆÖs in ur butt)ŌĆ?ŌĆ?SchopenhaŌĆ?https://t.co/mCQGmDQsnA",,Twitter for iPhone,2769,30820,FALSE
1.56475E+18,Elon Musk,,"Mars & Cars, Chips & Dips",2009-06-02 20:12:29+00:00,105211670,123,14033,TRUE,2022-08-30 22:52:58+00:00,@WholeMarsBlog @jonbbc @aelluswamy 10.69.2 goes out to 100k owners next week,,Twitter for iPhone,505,5929,FALSE
1.56475E+18,Elon Musk,,"Mars & Cars, Chips & Dips",2009-06-02 20:12:29+00:00,105211670,123,14033,TRUE,2022-08-30 22:50:03+00:00,Spent the day walking entire Giga Berlin production line ŌĆ?team is doing excellent work!,,Twitter for iPhone,5638,115180,FALSE
1.56475E+18,Elon Musk,,"Mars & Cars, Chips & Dips",2009-06-02 20:12:29+00:00,105211670,123,14033,TRUE,2022-08-30 22:47:31+00:00,"@jonbbc @WholeMarsBlog @aelluswamy 10.69.1 is even better. We reduced latency &amp; jitter in hardware command loop, soŌĆ?https://t.co/sX96B23y1x",,Twitter for iPhone,485,7859,FALSE
1.56474E+18,Elon Musk,,"Mars & Cars, Chips & Dips",2009-06-02 20:12:29+00:00,105211670,123,14033,TRUE,2022-08-30 22:38:14+00:00,Kickass Internet connection coming Royal Caribbean ships soon! https://t.co/8qJRiUuNah,,Twitter for iPhone,4818,65088,FALSE
1.56519E+18,Elon Musk,,"Mars & Cars, Chips & Dips",2009-06-02 20:12:29+00:00,105303966,123,14048,TRUE,2022-09-01 04:09:39+00:00,"On a $/bot basis, this deal is awesome",,Twitter for iPhone,3018,55865,FALSE
1.565E+18,Elon Musk,,"Mars & Cars, Chips & Dips",2009-06-02 20:12:29+00:00,105303962,123,14048,TRUE,2022-08-31 15:39:27+00:00,@ChrisZheng001 I intend to do so as soon as possible,,Twitter for iPhone,439,12078,FALSE
1.56499E+18,Elon Musk,,"Mars & Cars, Chips & Dips",2009-06-02 20:12:29+00:00,105303962,123,14048,TRUE,2022-08-31 15:13:23+00:00,"@SciGuySpace Yeah, aiming for up to 100 flights next year",,Twitter for iPhone,784,15358,FALSE
1.56499E+18,Elon Musk,,"Mars & Cars, Chips & Dips",2009-06-02 20:12:29+00:00,105303962,123,14048,TRUE,2022-08-31 15:06:53+00:00,Now launching every ~5 days https://t.co/KJYG5CKPYx,,Twitter for iPhone,5000,59046,FALSE
1.56544E+18,Elon Musk,,"Mars & Cars, Chips & Dips",2009-06-02 20:12:29+00:00,105353828,123,14062,TRUE,2022-09-01 20:49:50+00:00,@Michaelgr1011 @LAPDHQ @RickCarusoLA @ericgarcetti @MayorOfLA @lapdVanNuysDiv Hope Connor is ok!,,Twitter for iPhone,361,8979,FALSE
1.56588E+18,Elon Musk,,"Mars & Cars, Chips & Dips",2009-06-02 20:12:29+00:00,105453073,123,14076,TRUE,2022-09-03 02:09:27+00:00,@heydave7 MoodyŌĆÖs is irrelevant,,Twitter for iPhone,2198,36334,FALSE
1.56623E+18,Elon Musk,,"Mars & Cars, Chips & Dips",2009-06-02 20:12:29+00:00,105539532,123,14087,TRUE,2022-09-04 01:19:02+00:00,@cb_doge .@Chrisrock invited me to open for one of his shows. Thanks Chris! I will try not to flounder too much.,,Twitter for iPhone,2038,48451,FALSE
1.56623E+18,Elon Musk,,"Mars & Cars, Chips & Dips",2009-06-02 20:12:29+00:00,105539532,123,14087,TRUE,2022-09-04 01:16:08+00:00,"@sirxapex @SciGuySpace Yes, also very important",,Twitter for iPhone,120,2740,FALSE
1.56623E+18,Elon Musk,,"Mars & Cars, Chips & Dips",2009-06-02 20:12:29+00:00,105539532,123,14087,TRUE,2022-09-04 01:13:41+00:00,"@SciGuySpace Accurate assessment. Raptor design started out using H2, but switched to CH4. Latter is best combo ofŌĆ?https://t.co/IwrQwBsUtl",,Twitter for iPhone,733,10542,FALSE
1.56682E+18,Elon Musk,,"Mars & Cars, Chips & Dips",2009-06-02 20:12:29+00:00,105637106,123,14097,TRUE,2022-09-05 16:16:41+00:00,@andst7 Important. South Korea is currently tracking to lose about half its population roughly every generation. LoŌĆ?https://t.co/0UyWERXGWp,,Twitter for iPhone,1452,21757,FALSE
